age,average_transaction_amount,city,customer_id,daily_transaction_count,favourite_categories,income,large_purchase_tendency,merchant_loyalty,morning_preference,preferred_payment_methods,scenario_id,scenario_type,spending_variability,travel_tendency,usual_device,usual_end_hour,usual_payment_method,usual_start_hour,weekend_activity_multiplier
25,2028.14,Mumbai,C0001,1,Travel|Entertainment|Electronics,87271,0.10167613528523714,0.7263919263059322,0.5519125078965501,NET_BANKING|UPI|CARD,SCN-002026-0001,KYC_IDENTITY,0.1751848382546232,0.045469405025729895,D0001,23,NET_BANKING,10,1.3008207665268943
46,3285.64,Pune,C0002,2,Shopping|Electronics,114185,0.08447950430510605,0.5794208713311815,0.2537989820127958,UPI|CARD|NET_BANKING,SCN-002026-0002,TRANSACTION_ANOMALY,0.2437548856972756,0.05240432159296575,D0002,20,UPI,10,1.278489579799143
63,4280.78,Delhi,C0003,4,Travel|Entertainment,150588,0.07246527139741436,0.843945055238633,0.681529549137414,UPI|CARD|NET_BANKING,SCN-002026-0003,COMMUNICATION_SCAM,0.3193535896244496,0.111574135876101,D0003,20,UPI,9,1.0403546542308255
44,3045.96,Delhi,C0004,3,Food|Travel|Entertainment,115088,0.06567963456683096,0.8486645449318435,0.48926786877649797,CARD|UPI|NET_BANKING,SCN-002026-0004,TRANSACTION_ANOMALY,0.1726532717452542,0.16413421668978545,D0004,23,CARD,10,1.076032257928923
48,4088.89,Bangalore,C0005,3,Travel|Entertainment|Electronics,142438,0.11606712122129458,0.5174296874183358,0.699105199884039,UPI|CARD|NET_BANKING,SCN-002026-0005,COMMUNICATION_SCAM,0.12213368458759136,0.22286958863863973,D0005,23,UPI,9,0.8620250719450362
69,2948.14,Delhi,C0006,3,Electronics|Entertainment,106884,0.09850840312407881,0.49426829552131124,0.38999426420475053,UPI|CARD|NET_BANKING,SCN-002026-0006,CLASSIFIER_EVALUATION,0.33086669003022684,0.1785466201960984,D0006,20,UPI,10,1.3651223378781625
50,2869.38,Mumbai,C0007,2,Entertainment|Shopping|Electronics,115853,0.06512303216803073,0.8624163140081961,0.7139823633938023,CARD|UPI|NET_BANKING,SCN-002026-0007,KYC_IDENTITY,0.15366249630869033,0.041198784709343406,D0007,20,CARD,8,0.8556692883226353
52,3443.23,Hyderabad,C0008,5,Shopping|Entertainment|Fuel,132765,0.11375135610615059,0.837315181057118,0.54457015441147,UPI|CARD|NET_BANKING,SCN-002026-0008,KYC_IDENTITY,0.33302671848598997,0.1786440214195006,D0008,22,UPI,6,1.231665060419234
52,2218.74,Pune,C0009,1,Entertainment|Fuel,81162,0.11588245012323106,0.8131084985175259,0.43424438450334224,NET_BANKING|UPI|CARD,SCN-002026-0009,TRANSACTION_ANOMALY,0.15416334867184692,0.10648142280616112,D0009,22,NET_BANKING,7,1.106161513400311
42,2615.69,Hyderabad,C0010,3,Travel|Electronics,107458,0.03707336020014478,0.6599622641297296,0.7483741467656473,UPI|CARD|NET_BANKING,SCN-002026-0010,TRANSACTION_ANOMALY,0.23444102636143488,0.16227938678216847,D0010,22,UPI,8,1.0601123054387733
55,2640.94,Delhi,C0011,3,Electronics|Food,104408,0.03885292938637791,0.6533193855780577,0.5268598642839051,CARD|UPI|NET_BANKING,SCN-002026-0011,COMMUNICATION_SCAM,0.31296546959193877,0.19358322998431418,D0011,21,CARD,7,0.7361892738832878
63,3460.04,Bangalore,C0012,4,Fuel|Entertainment|Travel,148800,0.04634436895244959,0.5872091672140318,0.44845207274576704,UPI|CARD|NET_BANKING,SCN-002026-0012,CLASSIFIER_EVALUATION,0.13809152735868563,0.09913517378404615,D0012,22,UPI,9,1.0402834208787137
49,3013.38,Hyderabad,C0013,2,Travel|Entertainment,110979,0.06080024625737976,0.8453793462690051,0.33880088778543094,UPI|CARD|NET_BANKING,SCN-002026-0013,LONGITUDINAL_BEHAVIOR,0.33934499182863165,0.16850621786714862,D0013,20,UPI,8,1.3782959533591925
68,3346.43,Bangalore,C0014,3,Entertainment|Travel,141859,0.049470012011253374,0.7056186823467666,0.6296075237414491,UPI|CARD|NET_BANKING,SCN-002026-0014,LONGITUDINAL_BEHAVIOR,0.2478339443563419,0.0693200621088002,D0014,21,UPI,10,0.7877548016356493
35,2835.69,Bangalore,C0015,4,Food|Shopping,100420,0.046085829925629554,0.5809662678786968,0.36607164258409397,UPI|CARD|NET_BANKING,SCN-002026-0015,TRANSACTION_ANOMALY,0.3125999841444228,0.09235841115653441,D0015,20,UPI,7,1.105301358184522
22,1880.04,Pune,C0016,1,Fuel|Food,83497,0.06560447082464028,0.8358483777019238,0.5367069538376379,UPI|CARD|NET_BANKING,SCN-002026-0016,CLASSIFIER_EVALUATION,0.34725830275793035,0.09244411959755464,D0016,20,UPI,8,0.7750961165775448
58,3061.09,Delhi,C0017,1,Entertainment|Food,96932,0.02236633142935554,0.7809241143750228,0.7682381740964159,UPI|CARD|NET_BANKING,SCN-002026-0017,KYC_IDENTITY,0.20195311884027017,0.1204505124839843,D0017,22,UPI,8,1.0112378435843072
62,3745.04,Mumbai,C0018,1,Travel|Food,123766,0.023731872980059646,0.5229558626453328,0.23368709111963903,NET_BANKING|UPI|CARD,SCN-002026-0018,CLASSIFIER_EVALUATION,0.34934140798373103,0.04821759825352637,D0018,22,NET_BANKING,10,0.8579586360505989
51,2573.82,Mumbai,C0019,1,Electronics|Entertainment,97363,0.07413307524006972,0.4627877052702249,0.66494465675298,UPI|CARD|NET_BANKING,SCN-002026-0019,KYC_IDENTITY,0.16219743680114465,0.18497135486433697,D0019,23,UPI,7,1.2300744248602706
53,3441.31,Mumbai,C0020,4,Shopping|Entertainment,112552,0.04652227903955654,0.8825874874048154,0.5317892687231697,UPI|CARD|NET_BANKING,SCN-002026-0020,CLASSIFIER_EVALUATION,0.26954904361970017,0.13823074555820647,D0020,20,UPI,7,1.3716426323610678
58,3118.23,Delhi,C0021,2,Food|Fuel,120593,0.04325127241133915,0.8892770291266517,0.7436271006095143,NET_BANKING|UPI|CARD,SCN-002026-0021,KYC_IDENTITY,0.21178709561133385,0.23872997851474326,D0021,21,NET_BANKING,10,1.4417836948942704
35,2357.46,Mumbai,C0022,3,Entertainment|Travel,88003,0.11554984929789605,0.4523903140999309,0.446322932036726,CARD|UPI|NET_BANKING,SCN-002026-0022,CLASSIFIER_EVALUATION,0.23151704136709472,0.1015194251922029,D0022,21,CARD,8,0.8266353823424374
51,3355.52,Bangalore,C0023,1,Fuel|Food|Travel,115220,0.07389809605713434,0.4700893799215125,0.6173601385163737,UPI|CARD|NET_BANKING,SCN-002026-0023,KYC_IDENTITY,0.19054342375475725,0.11045348716924956,D0023,21,UPI,10,1.3798492720646363
51,2975.91,Bangalore,C0024,1,Travel|Shopping,90504,0.04855787899883338,0.8545104837552524,0.5973590319778495,UPI|CARD|NET_BANKING,SCN-002026-0024,TRANSACTION_ANOMALY,0.16364865412792895,0.08791712436428682,D0024,20,UPI,8,1.289864025072586
26,2044.85,Hyderabad,C0025,4,Electronics|Shopping,78320,0.03166974717005505,0.5151355152858205,0.21770766755770043,UPI|CARD|NET_BANKING,SCN-002026-0025,LONGITUDINAL_BEHAVIOR,0.19237460221344363,0.026536156267332002,D0025,21,UPI,10,1.2775841505300425
60,3603.78,Hyderabad,C0026,3,Fuel|Travel,123451,0.05811985720885633,0.8432898195589251,0.7910199343843367,UPI|CARD|NET_BANKING,SCN-002026-0026,KYC_IDENTITY,0.2314499032847621,0.1871235571564745,D0026,21,UPI,10,0.8012195712701622
57,3496.85,Mumbai,C0027,4,Shopping|Electronics,130940,0.0953292252586099,0.6726657632744503,0.6674276753162779,CARD|UPI|NET_BANKING,SCN-002026-0027,COMMUNICATION_SCAM,0.14020938549888415,0.09176603221163092,D0027,22,CARD,10,0.7660395745577504
32,1451.63,Pune,C0028,2,Electronics|Entertainment,62809,0.055010443188026475,0.8638834801081267,0.47780419835524607,UPI|CARD|NET_BANKING,SCN-002026-0028,CLASSIFIER_EVALUATION,0.3190463969745267,0.1945298174102032,D0028,21,UPI,8,0.8571885514639477
69,3502.33,Delhi,C0029,5,Shopping|Food,141893,0.11722495313246908,0.7320945648154586,0.46666949062178853,CARD|UPI|NET_BANKING,SCN-002026-0029,LONGITUDINAL_BEHAVIOR,0.1534333288325138,0.07388736632695403,D0029,22,CARD,8,1.3729440859960438
53,3183.18,Bangalore,C0030,4,Shopping|Electronics,110745,0.08676282269088148,0.8313103559229065,0.7537364519894918,CARD|UPI|NET_BANKING,SCN-002026-0030,CLASSIFIER_EVALUATION,0.32896460798372673,0.2391273565101319,D0030,20,CARD,8,1.2433399603793265
52,2678.5,Delhi,C0031,3,Shopping|Travel,93201,0.10891847691157289,0.8001905863057112,0.5866200161503785,UPI|CARD|NET_BANKING,SCN-002026-0031,LONGITUDINAL_BEHAVIOR,0.2153631696967187,0.12946683984850482,D0031,21,UPI,8,0.9672109519180738
39,2074.55,Pune,C0032,1,Fuel|Electronics,91309,0.11825863770812192,0.5344436764160734,0.4216605964853822,CARD|UPI|NET_BANKING,SCN-002026-0032,LONGITUDINAL_BEHAVIOR,0.2478259638641759,0.19685592966243937,D0032,22,CARD,10,1.1982605494866958
27,2400.53,Mumbai,C0033,3,Travel|Electronics,74184,0.11885008650373963,0.5333661828011613,0.3625248071805947,CARD|UPI|NET_BANKING,SCN-002026-0033,KYC_IDENTITY,0.21649320684544882,0.18887764690881995,D0033,21,CARD,10,0.7864447118538878
48,3023.47,Delhi,C0034,3,Shopping|Food|Electronics,97782,0.07122937324810558,0.6597526549505468,0.41971245968574045,CARD|UPI|NET_BANKING,SCN-002026-0034,TRANSACTION_ANOMALY,0.3123989675465333,0.10453459674817325,D0034,20,CARD,7,1.0845431852874223
64,4513.25,Mumbai,C0035,4,Entertainment|Travel|Shopping,131324,0.056007929728299974,0.6701555594285651,0.7846722194065583,CARD|UPI|NET_BANKING,SCN-002026-0035,TRANSACTION_ANOMALY,0.25704103443602044,0.17192836633406675,D0035,20,CARD,9,1.3824398190357334
22,1561.41,Hyderabad,C0036,1,Travel|Electronics|Food,68869,0.041127826565266735,0.834967879481312,0.3445371860698021,UPI|CARD|NET_BANKING,SCN-002026-0036,LONGITUDINAL_BEHAVIOR,0.21866725852227126,0.0490916788439955,D0036,21,UPI,10,0.7231006590355005
35,1936.02,Bangalore,C0037,1,Entertainment|Electronics,82408,0.10158883958991953,0.7779339389114837,0.5307852806366287,CARD|UPI|NET_BANKING,SCN-002026-0037,KYC_IDENTITY,0.3453425893576053,0.05018903712468249,D0037,21,CARD,10,0.821594229976965
60,4018.7,Delhi,C0038,1,Fuel|Shopping|Travel,132974,0.08227992288004032,0.7559668516312115,0.6157886120094782,UPI|CARD|NET_BANKING,SCN-002026-0038,COMMUNICATION_SCAM,0.29281246083003176,0.11520096024484766,D0038,23,UPI,7,0.8346353661213639
52,3583.2,Hyderabad,C0039,4,Electronics|Fuel,105933,0.09046423084919819,0.4925952204232046,0.22416379960255606,NET_BANKING|UPI|CARD,SCN-002026-0039,CLASSIFIER_EVALUATION,0.1217398779345968,0.1547822846776469,D0039,21,NET_BANKING,8,1.2718535990013957
70,3235.85,Bangalore,C0040,4,Entertainment|Electronics,138412,0.10703971462098733,0.6175573764095521,0.5969735725280362,CARD|UPI|NET_BANKING,SCN-002026-0040,TRANSACTION_ANOMALY,0.23374829045626627,0.14324817402756668,D0040,21,CARD,7,0.8928966297188579
64,3719.36,Mumbai,C0041,2,Travel|Entertainment,143935,0.0879022137986014,0.790223810340974,0.3266321021574111,NET_BANKING|UPI|CARD,SCN-002026-0041,CLASSIFIER_EVALUATION,0.1649526846158963,0.10140514451567442,D0041,20,NET_BANKING,9,1.4029679471071592
62,3096.83,Pune,C0042,5,Food|Travel|Fuel,136620,0.055418301439412995,0.6570918422120179,0.43898109499896265,UPI|CARD|NET_BANKING,SCN-002026-0042,KYC_IDENTITY,0.22961212627466038,0.08280978577813378,D0042,22,UPI,8,1.2913061878992735
26,2200.67,Pune,C0043,2,Food|Travel,75738,0.10209655324392858,0.6957438485449456,0.2472966989620991,UPI|CARD|NET_BANKING,SCN-002026-0043,CLASSIFIER_EVALUATION,0.22776864699696514,0.20318397135169328,D0043,22,UPI,8,1.4738696317793676
24,1751.1,Bangalore,C0044,2,Food|Electronics,64738,0.05918377689410649,0.5932858590814789,0.5244696722416566,UPI|CARD|NET_BANKING,SCN-002026-0044,KYC_IDENTITY,0.15521375698283463,0.026114170955011395,D0044,23,UPI,10,1.1906747727312483
28,2452.52,Delhi,C0045,5,Food|Shopping,71636,0.04384316885030829,0.660900709112769,0.34520468110853697,CARD|UPI|NET_BANKING,SCN-002026-0045,LONGITUDINAL_BEHAVIOR,0.2849017007368051,0.0757821207643216,D0045,22,CARD,7,1.4665627328800015
38,1704.53,Mumbai,C0046,2,Travel|Electronics,70004,0.04946723344999249,0.6882917889165845,0.3311394187125011,CARD|UPI|NET_BANKING,SCN-002026-0046,COMMUNICATION_SCAM,0.28795495553187744,0.2004584999551345,D0046,20,CARD,9,1.0991639849271653
51,3310.18,Mumbai,C0047,1,Fuel|Travel|Food,112576,0.10017359830860664,0.6557791675063236,0.5519381347714996,CARD|UPI|NET_BANKING,SCN-002026-0047,KYC_IDENTITY,0.24757190651531835,0.20578273531454497,D0047,22,CARD,10,1.3446721566724895
69,4225.28,Hyderabad,C0048,4,Travel|Shopping|Entertainment,137176,0.07623414972103337,0.8289703867129816,0.746904546184888,UPI|CARD|NET_BANKING,SCN-002026-0048,TRANSACTION_ANOMALY,0.17026702994501774,0.20470698232878068,D0048,22,UPI,6,0.834104638914654
46,3423.16,Delhi,C0049,4,Travel|Food|Fuel,136227,0.08463517847925779,0.5420698352402916,0.3010050832563696,NET_BANKING|UPI|CARD,SCN-002026-0049,TRANSACTION_ANOMALY,0.1350670034006104,0.08598718585134896,D0049,20,NET_BANKING,9,0.9330519324009993
48,3334.49,Hyderabad,C0050,4,Travel|Fuel,124399,0.06135059370535406,0.4893574283199699,0.33697729648691244,CARD|UPI|NET_BANKING,SCN-002026-0050,CLASSIFIER_EVALUATION,0.2103854183608691,0.027232045929730418,D0050,20,CARD,9,1.1333367368698863
53,2901.09,Pune,C0051,2,Shopping|Electronics,108808,0.07668914084335746,0.788796107535296,0.211365209569024,UPI|CARD|NET_BANKING,SCN-002026-0051,TRANSACTION_ANOMALY,0.13709252247214992,0.24562281948523737,D0051,21,UPI,8,1.0744875853801708
51,2939.17,Bangalore,C0052,1,Electronics|Travel,116609,0.07667551408604542,0.674108476066372,0.4277259070705905,CARD|UPI|NET_BANKING,SCN-002026-0052,CLASSIFIER_EVALUATION,0.34213352702956623,0.11628473411717966,D0052,21,CARD,6,0.7012056995296833
50,3913.14,Hyderabad,C0053,4,Fuel|Shopping,126351,0.09144386802478392,0.6041478828646977,0.5187505186072838,UPI|CARD|NET_BANKING,SCN-002026-0053,CLASSIFIER_EVALUATION,0.34366086174970106,0.1893362780687941,D0053,21,UPI,10,0.9455017074735231
55,2352.89,Pune,C0054,1,Electronics|Food|Travel,104060,0.04954896610111073,0.5634239070797736,0.386650777523071,UPI|CARD|NET_BANKING,SCN-002026-0054,CLASSIFIER_EVALUATION,0.2137736925204447,0.1221913100776007,D0054,20,UPI,7,1.1903964312521063
27,1898.44,Mumbai,C0055,1,Food|Electronics,60496,0.06104416032843289,0.5629113785972923,0.6367496189783182,UPI|CARD|NET_BANKING,SCN-002026-0055,KYC_IDENTITY,0.3110946808636306,0.1901149316361,D0055,23,UPI,8,1.315459891819995
36,2804.77,Hyderabad,C0056,1,Shopping|Electronics|Fuel,88288,0.04076655448706372,0.6008573345098108,0.3379082994989848,CARD|UPI|NET_BANKING,SCN-002026-0056,COMMUNICATION_SCAM,0.14954328312245746,0.14339469381242587,D0056,21,CARD,8,1.3400754040569465
53,2268.7,Mumbai,C0057,1,Fuel|Entertainment|Shopping,76931,0.08363657973475447,0.5062661450369133,0.7086355139188893,CARD|UPI|NET_BANKING,SCN-002026-0057,KYC_IDENTITY,0.27413204635312527,0.2469491743019617,D0057,21,CARD,6,0.9402395139326688
61,3683.4,Pune,C0058,3,Electronics|Fuel,124265,0.09512382297928172,0.6075772074927059,0.6986384404754377,CARD|UPI|NET_BANKING,SCN-002026-0058,COMMUNICATION_SCAM,0.2612820361285357,0.247698110943037,D0058,22,CARD,10,1.3408490160991637
51,2221.44,Pune,C0059,3,Fuel|Travel|Electronics,96549,0.03572957667369214,0.6271188792794744,0.32918322015473767,CARD|UPI|NET_BANKING,SCN-002026-0059,CLASSIFIER_EVALUATION,0.23282179118758406,0.2494252058657436,D0059,20,CARD,8,0.7855924262769514
50,3589.63,Pune,C0060,3,Travel|Shopping,113773,0.0541754419050202,0.4935208592618288,0.39271756400438673,UPI|CARD|NET_BANKING,SCN-002026-0060,TRANSACTION_ANOMALY,0.32642054476433263,0.035253639483492555,D0060,20,UPI,10,1.0330909444988141
27,1727.22,Delhi,C0061,2,Electronics|Shopping|Fuel,53961,0.11980370294358494,0.8346679461160775,0.28963888634753454,CARD|UPI|NET_BANKING,SCN-002026-0061,LONGITUDINAL_BEHAVIOR,0.22723996466856888,0.04289753348510837,D0061,20,CARD,6,0.9771452262204647
68,3816.93,Hyderabad,C0062,3,Food|Electronics|Travel,136967,0.02686875153760509,0.6334435942145598,0.6483086039060786,UPI|CARD|NET_BANKING,SCN-002026-0062,TRANSACTION_ANOMALY,0.34947160117940274,0.11847443213513341,D0062,23,UPI,6,1.0804594597312644
63,4572.45,Delhi,C0063,4,Travel|Shopping,128881,0.08337466916648553,0.788588839651005,0.6169173444498944,NET_BANKING|UPI|CARD,SCN-002026-0063,LONGITUDINAL_BEHAVIOR,0.2039258158543448,0.11441303708794259,D0063,23,NET_BANKING,8,1.3287147289653685
54,2989.01,Bangalore,C0064,4,Travel|Entertainment,113082,0.10522861813688557,0.6570409151208529,0.533311053855409,CARD|UPI|NET_BANKING,SCN-002026-0064,CLASSIFIER_EVALUATION,0.17790111624664248,0.11508403748158695,D0064,23,CARD,7,0.9024468960407573
34,3021.39,Pune,C0065,2,Shopping|Entertainment,102978,0.11600638571220774,0.7637280418962339,0.3188527655640386,CARD|UPI|NET_BANKING,SCN-002026-0065,CLASSIFIER_EVALUATION,0.25683611815911644,0.18744113603125334,D0065,21,CARD,6,0.7015485997056515
25,1621.59,Bangalore,C0066,2,Shopping|Electronics,55779,0.04510890795464281,0.6238552721662035,0.41495708978674783,CARD|UPI|NET_BANKING,SCN-002026-0066,CLASSIFIER_EVALUATION,0.2949442915017231,0.1006641712206553,D0066,22,CARD,9,1.155518957241829
48,2526.78,Pune,C0067,3,Travel|Food,101206,0.040623971684488044,0.8786351481030874,0.4303589968384757,UPI|CARD|NET_BANKING,SCN-002026-0067,KYC_IDENTITY,0.33033188394379454,0.07919381879652379,D0067,22,UPI,6,1.0454043701984066
21,1610.21,Pune,C0068,4,Food|Travel,71392,0.11078328766293573,0.502446204145527,0.2648561621047946,NET_BANKING|UPI|CARD,SCN-002026-0068,TRANSACTION_ANOMALY,0.21622479731409122,0.2495782526237299,D0068,20,NET_BANKING,10,0.931269610684747
68,5775.13,Bangalore,C0069,4,Travel|Food,165316,0.06146533259125862,0.6485342855421921,0.5340474814612381,CARD|UPI|NET_BANKING,SCN-002026-0069,KYC_IDENTITY,0.31196641909005335,0.2340819964687873,D0069,23,CARD,8,1.4378072462737959
27,2164.16,Mumbai,C0070,1,Travel|Electronics,86934,0.03287799211572987,0.80022053309839,0.28815783016871227,CARD|UPI|NET_BANKING,SCN-002026-0070,LONGITUDINAL_BEHAVIOR,0.12019246552965647,0.04174143212392524,D0070,23,CARD,9,1.2084651567695306
30,2240.3,Mumbai,C0071,1,Entertainment|Shopping|Food,74968,0.056704618913684224,0.4836114178289263,0.24623571943972708,UPI|CARD|NET_BANKING,SCN-002026-0071,KYC_IDENTITY,0.20991006927525113,0.24870656484595222,D0071,21,UPI,6,1.0730501972802384
60,3476.56,Pune,C0072,2,Travel|Food,115289,0.04520391470426552,0.5268621263455675,0.6719230075954251,UPI|CARD|NET_BANKING,SCN-002026-0072,COMMUNICATION_SCAM,0.31996969492485394,0.0646624318288845,D0072,23,UPI,7,1.1465876003964013
25,1333.2,Mumbai,C0073,1,Electronics|Food|Fuel,54556,0.04263317087202813,0.6999300945946338,0.678905413453339,UPI|CARD|NET_BANKING,SCN-002026-0073,COMMUNICATION_SCAM,0.131319730188602,0.21492573935663273,D0073,22,UPI,10,1.3386539517725338
35,3122.77,Delhi,C0074,1,Entertainment|Food|Fuel,111554,0.03309475300564984,0.6654476019911022,0.6067202634607618,UPI|CARD|NET_BANKING,SCN-002026-0074,CLASSIFIER_EVALUATION,0.2153065739313033,0.08530811346089569,D0074,20,UPI,8,0.9067436991192485
62,4477.28,Hyderabad,C0075,3,Fuel|Travel,132220,0.11786971995297037,0.5932775440976097,0.32123674166676935,CARD|UPI|NET_BANKING,SCN-002026-0075,TRANSACTION_ANOMALY,0.26400332445938596,0.07819474559090961,D0075,20,CARD,6,1.487578274698059
44,1882.81,Bangalore,C0076,1,Electronics|Entertainment,79668,0.0833984055554791,0.6937334896770238,0.4053520897350308,UPI|CARD|NET_BANKING,SCN-002026-0076,KYC_IDENTITY,0.20350819354076713,0.07842186553487684,D0076,20,UPI,9,1.2002848663994135
40,1599.15,Bangalore,C0077,1,Electronics|Entertainment|Food,68888,0.10621130314166266,0.5041301017343579,0.7205638929881981,CARD|UPI|NET_BANKING,SCN-002026-0077,LONGITUDINAL_BEHAVIOR,0.22880864614837307,0.23053828215936725,D0077,20,CARD,10,1.0779297002894324
25,1528.92,Mumbai,C0078,2,Entertainment|Food,68443,0.0842651715370022,0.627191685929785,0.5165127313492781,UPI|CARD|NET_BANKING,SCN-002026-0078,KYC_IDENTITY,0.20075732841874766,0.20459788767593218,D0078,20,UPI,6,1.292004346673553
70,4045.36,Pune,C0079,3,Travel|Electronics|Fuel,132949,0.0967746684735569,0.6946227251164989,0.42080774250990394,CARD|UPI|NET_BANKING,SCN-002026-0079,LONGITUDINAL_BEHAVIOR,0.16948053367304697,0.1572582481932342,D0079,23,CARD,6,1.0007238915523442
49,2332.05,Mumbai,C0080,4,Shopping|Travel|Food,97303,0.08222490475047615,0.798183507483255,0.4759873055330381,CARD|UPI|NET_BANKING,SCN-002026-0080,KYC_IDENTITY,0.17074079994866107,0.2340315201209333,D0080,22,CARD,7,0.8493035440398489
47,2647.8,Hyderabad,C0081,3,Food|Entertainment,114001,0.09447409578742498,0.8499508934944249,0.6856669741897586,NET_BANKING|UPI|CARD,SCN-002026-0081,CLASSIFIER_EVALUATION,0.2949892213131853,0.1375511846634961,D0081,23,NET_BANKING,8,0.9689110260925566
44,2572.07,Pune,C0082,1,Shopping|Travel,94824,0.11301345815791988,0.5774871510242725,0.6040372964897534,CARD|UPI|NET_BANKING,SCN-002026-0082,TRANSACTION_ANOMALY,0.12311073442021833,0.0591493283221218,D0082,21,CARD,8,0.9122074640640687
67,2926.16,Delhi,C0083,3,Fuel|Shopping|Travel,118827,0.020761546744880083,0.631742763816102,0.7779102791525772,CARD|UPI|NET_BANKING,SCN-002026-0083,CLASSIFIER_EVALUATION,0.26216970834998854,0.1484772234316813,D0083,20,CARD,9,0.8434918367315898
53,2979.79,Pune,C0084,3,Food|Entertainment,115160,0.10035792454657476,0.7955218000180506,0.556013294803185,CARD|UPI|NET_BANKING,SCN-002026-0084,TRANSACTION_ANOMALY,0.14489260995423797,0.06571277471625275,D0084,20,CARD,9,1.3154877365689588
27,2391.51,Delhi,C0085,2,Travel|Electronics,75070,0.06007078203431872,0.48492685373239786,0.7798265816745706,CARD|UPI|NET_BANKING,SCN-002026-0085,KYC_IDENTITY,0.21195301842925535,0.044178422095586985,D0085,20,CARD,9,1.4171235348016555
40,2161.96,Pune,C0086,2,Shopping|Food,95361,0.10757850783382948,0.7898420393422183,0.3856098704039821,CARD|UPI|NET_BANKING,SCN-002026-0086,COMMUNICATION_SCAM,0.20971106026526015,0.24174567073496547,D0086,20,CARD,7,1.4598311067042957
49,2612.75,Pune,C0087,2,Fuel|Electronics,113758,0.06745208697048061,0.7210287145377876,0.2561407124207155,CARD|UPI|NET_BANKING,SCN-002026-0087,KYC_IDENTITY,0.15444387434797763,0.20683371419704413,D0087,20,CARD,9,1.108948610451404
39,2704.68,Bangalore,C0088,1,Travel|Food,83527,0.0619501909039947,0.7579232237293771,0.7038440188567563,CARD|UPI|NET_BANKING,SCN-002026-0088,KYC_IDENTITY,0.3476814152444574,0.04317374652479949,D0088,21,CARD,7,1.0930253986204437
41,2946.74,Delhi,C0089,4,Shopping|Electronics,112284,0.05952670318490323,0.8568335718760858,0.4044859393568099,NET_BANKING|UPI|CARD,SCN-002026-0089,COMMUNICATION_SCAM,0.1797505141446379,0.03300184560795675,D0089,23,NET_BANKING,6,1.0766417254432057
32,2518.88,Bangalore,C0090,3,Shopping|Travel|Electronics,92719,0.08836486905095045,0.6548350416300693,0.2546609840011692,CARD|UPI|NET_BANKING,SCN-002026-0090,KYC_IDENTITY,0.18123295379647417,0.24650812361792696,D0090,22,CARD,7,1.1390582187465794
61,2636.48,Bangalore,C0091,4,Fuel|Travel,118499,0.10931670763719327,0.5282229446372027,0.7151929525065885,NET_BANKING|UPI|CARD,SCN-002026-0091,CLASSIFIER_EVALUATION,0.30231196742991495,0.14131923569791235,D0091,20,NET_BANKING,7,1.494585070962741
26,1888.03,Bangalore,C0092,3,Travel|Fuel,62304,0.02602182438747978,0.7646487069440631,0.6096218904734139,UPI|CARD|NET_BANKING,SCN-002026-0092,COMMUNICATION_SCAM,0.25660067055937363,0.030160954727856834,D0092,20,UPI,9,1.3273719124734735
59,5001.22,Pune,C0093,3,Food|Electronics,140968,0.05841003298126546,0.5144426610642203,0.33999617501061924,CARD|UPI|NET_BANKING,SCN-002026-0093,TRANSACTION_ANOMALY,0.29243219087867633,0.21918088548590434,D0093,20,CARD,10,1.3563933915212596
41,1733.51,Hyderabad,C0094,3,Fuel|Electronics|Travel,62407,0.07286086347766704,0.4991384519538559,0.7132572110957287,NET_BANKING|UPI|CARD,SCN-002026-0094,KYC_IDENTITY,0.21264666948168925,0.0415769291206403,D0094,21,NET_BANKING,6,0.7764055710333576
40,2397.78,Mumbai,C0095,2,Entertainment|Travel|Electronics,89300,0.10598054447812352,0.799425719514071,0.33287494984179183,UPI|CARD|NET_BANKING,SCN-002026-0095,COMMUNICATION_SCAM,0.23286516098672852,0.2203456681464345,D0095,22,UPI,10,0.8636795893916458
20,1874.58,Pune,C0096,1,Food|Electronics|Fuel,75769,0.0369049536902059,0.4826704791308507,0.7510723138269542,UPI|CARD|NET_BANKING,SCN-002026-0096,KYC_IDENTITY,0.2957288325514219,0.1682766009010677,D0096,20,UPI,9,1.2796982927182041
35,2344.3,Pune,C0097,1,Travel|Electronics,80273,0.11182119416256565,0.6241099758767265,0.39486804270912285,UPI|CARD|NET_BANKING,SCN-002026-0097,LONGITUDINAL_BEHAVIOR,0.17007613014364403,0.02961153778972766,D0097,20,UPI,10,1.3178379065117278
19,1745.24,Pune,C0098,2,Entertainment|Food,53565,0.11857942030672279,0.8195080075603963,0.28231850833222566,UPI|CARD|NET_BANKING,SCN-002026-0098,CLASSIFIER_EVALUATION,0.26989636866483235,0.2057788169186518,D0098,22,UPI,6,1.1254260951087098
36,2289.21,Pune,C0099,3,Entertainment|Food,102667,0.04160981498796995,0.5088359015669639,0.6392583837233559,CARD|UPI|NET_BANKING,SCN-002026-0099,TRANSACTION_ANOMALY,0.3280117952494296,0.060244536150719244,D0099,22,CARD,7,1.3396732934241247
69,3726.82,Bangalore,C0100,3,Travel|Electronics|Entertainment,154598,0.0719610752820358,0.5271209901480867,0.2071598456483417,UPI|CARD|NET_BANKING,SCN-002026-0100,COMMUNICATION_SCAM,0.1901328240268907,0.21391187227603295,D0100,20,UPI,9,0.9312915427277244
38,2862.35,Mumbai,C0101,3,Entertainment|Fuel|Electronics,93233,0.09483906855212972,0.5741606717820691,0.46675215246043933,CARD|UPI|NET_BANKING,SCN-002026-0101,LONGITUDINAL_BEHAVIOR,0.2122510264745786,0.24899944522769082,D0101,22,CARD,8,1.28556464095512
23,2011.24,Pune,C0102,4,Electronics|Shopping,67958,0.07088432689429015,0.763175422690928,0.22884856762483202,CARD|UPI|NET_BANKING,SCN-002026-0102,KYC_IDENTITY,0.21824234210654214,0.0725036412981577,D0102,20,CARD,9,1.1566667939012205
68,3499.99,Hyderabad,C0103,2,Travel|Electronics,125645,0.06595722271393493,0.8170887453121958,0.6972515714072309,NET_BANKING|UPI|CARD,SCN-002026-0103,TRANSACTION_ANOMALY,0.19018538955994735,0.22184767638246444,D0103,22,NET_BANKING,8,0.9290646517248115
19,791.59,Mumbai,C0104,1,Entertainment|Food,33286,0.07462351669231224,0.48590347456984073,0.5556125906558304,NET_BANKING|UPI|CARD,SCN-002026-0104,COMMUNICATION_SCAM,0.20781940103621946,0.1871485885938318,D0104,22,NET_BANKING,9,1.010958400391464
49,3067.71,Delhi,C0105,5,Fuel|Food,115760,0.028843757295904243,0.8981263151250878,0.39933973214751267,NET_BANKING|UPI|CARD,SCN-002026-0105,CLASSIFIER_EVALUATION,0.28698234319484384,0.1618004839456953,D0105,23,NET_BANKING,10,1.0278565679410172
18,1006.29,Pune,C0106,1,Travel|Fuel,39622,0.0816636038905236,0.8643400707207287,0.2101330009502069,CARD|UPI|NET_BANKING,SCN-002026-0106,LONGITUDINAL_BEHAVIOR,0.14011995408345992,0.11759839065830224,D0106,20,CARD,7,1.3822505801513172
57,3570.4,Delhi,C0107,6,Fuel|Shopping,103078,0.04713974953445145,0.6412547493024762,0.4802023147473668,CARD|UPI|NET_BANKING,SCN-002026-0107,TRANSACTION_ANOMALY,0.22097760284568593,0.20478922932246435,D0107,21,CARD,8,0.7501589706396486
28,2506.25,Delhi,C0108,3,Shopping|Food,89249,0.11781749372012928,0.6489326755631792,0.6557816490298105,NET_BANKING|UPI|CARD,SCN-002026-0108,COMMUNICATION_SCAM,0.18667632474657758,0.20169106423080768,D0108,21,NET_BANKING,8,1.3870800077587675
43,1815.41,Mumbai,C0109,1,Fuel|Entertainment,79247,0.11771535461996643,0.6375176711027584,0.45926234441476005,UPI|CARD|NET_BANKING,SCN-002026-0109,LONGITUDINAL_BEHAVIOR,0.21110825477038503,0.15575339448556746,D0109,20,UPI,7,0.8017914815504272
28,2907.19,Delhi,C0110,3,Shopping|Electronics|Food,87269,0.08158076538222177,0.795356410212448,0.6020256390886423,NET_BANKING|UPI|CARD,SCN-002026-0110,LONGITUDINAL_BEHAVIOR,0.26680772157244403,0.1060239257243992,D0110,20,NET_BANKING,8,1.4149005410807787
21,1809.49,Delhi,C0111,3,Food|Electronics,68170,0.09193426360093794,0.46555711305554714,0.29026966585169006,UPI|CARD|NET_BANKING,SCN-002026-0111,LONGITUDINAL_BEHAVIOR,0.3177861893419518,0.11825592373070809,D0111,21,UPI,9,0.9373798210993447
38,2090.78,Pune,C0112,2,Food|Travel,92331,0.06583613472540571,0.7930892706877493,0.5198937130763412,UPI|CARD|NET_BANKING,SCN-002026-0112,CLASSIFIER_EVALUATION,0.19569361254609652,0.030578004542224715,D0112,22,UPI,9,1.3710926987763459
35,1582.84,Bangalore,C0113,4,Fuel|Food,70472,0.06642649778092945,0.7702808277672262,0.6592888281462004,CARD|UPI|NET_BANKING,SCN-002026-0113,CLASSIFIER_EVALUATION,0.1266935083826747,0.06558688116165096,D0113,23,CARD,8,0.7340045050253856
64,2512.21,Hyderabad,C0114,1,Food|Entertainment,110037,0.11387875144406746,0.7704901643557773,0.7755407344181904,CARD|UPI|NET_BANKING,SCN-002026-0114,TRANSACTION_ANOMALY,0.31129619566794214,0.23746416967893497,D0114,20,CARD,6,1.1604255122430334
37,1704.33,Mumbai,C0115,4,Travel|Fuel,57819,0.08103075132155596,0.7856781431850659,0.4106579927685873,NET_BANKING|UPI|CARD,SCN-002026-0115,TRANSACTION_ANOMALY,0.2514567748985168,0.21633404571077938,D0115,20,NET_BANKING,6,1.234857655595351
28,1961.52,Hyderabad,C0116,1,Shopping|Travel|Entertainment,82452,0.08457539093961246,0.553620829410645,0.307353816424502,CARD|UPI|NET_BANKING,SCN-002026-0116,CLASSIFIER_EVALUATION,0.23170408743637752,0.16780193513603067,D0116,20,CARD,7,1.3319815951516112
66,3417.68,Mumbai,C0117,7,Fuel|Shopping|Electronics,114663,0.024519316354913282,0.5701886258495223,0.5049843177716278,CARD|UPI|NET_BANKING,SCN-002026-0117,LONGITUDINAL_BEHAVIOR,0.19666451419823344,0.1594715223113695,D0117,22,CARD,8,1.4206925494598819
42,1970.66,Mumbai,C0118,2,Shopping|Fuel,82241,0.09051557616468948,0.6843566977360015,0.6635146160496632,CARD|UPI|NET_BANKING,SCN-002026-0118,LONGITUDINAL_BEHAVIOR,0.1374486193706531,0.2443515578430089,D0118,22,CARD,10,0.9585174201788935
34,1909.66,Pune,C0119,2,Travel|Shopping,79181,0.04090595457415978,0.5042764126579892,0.5870903415442149,UPI|CARD|NET_BANKING,SCN-002026-0119,LONGITUDINAL_BEHAVIOR,0.2443744025477973,0.09061757110814736,D0119,23,UPI,7,1.2188374125109878
22,1726.96,Delhi,C0120,1,Electronics|Entertainment,68710,0.02723135734916117,0.7395964758983206,0.7330688302921067,UPI|CARD|NET_BANKING,SCN-002026-0120,LONGITUDINAL_BEHAVIOR,0.2477340459780236,0.17019497670541864,D0120,23,UPI,9,0.8555920462226716
18,1780.65,Mumbai,C0121,1,Fuel|Shopping,62906,0.10203614844632257,0.4971181712207202,0.38841316889179117,UPI|CARD|NET_BANKING,SCN-002026-0121,COMMUNICATION_SCAM,0.3370495593724459,0.08221376235287894,D0121,23,UPI,6,1.1916483559285862
61,2892.84,Hyderabad,C0122,4,Entertainment|Electronics,118363,0.05878712832896195,0.8826087736372064,0.2677949737857448,UPI|CARD|NET_BANKING,SCN-002026-0122,CLASSIFIER_EVALUATION,0.2340710634994722,0.08424836032377804,D0122,23,UPI,8,1.0506120236603618
36,4086.75,Pune,C0123,1,Shopping|Travel,115313,0.10907272787785283,0.8138874085300706,0.39928970257290824,NET_BANKING|UPI|CARD,SCN-002026-0123,CLASSIFIER_EVALUATION,0.24719618354056022,0.17515945497496385,D0123,21,NET_BANKING,8,1.2352712630287288
47,2984.33,Bangalore,C0124,1,Electronics|Travel,108234,0.05449912243820071,0.693453845687076,0.2720367468444567,UPI|CARD|NET_BANKING,SCN-002026-0124,KYC_IDENTITY,0.25659757029586117,0.22733616597166165,D0124,23,UPI,8,1.3186204771200702
49,2085.83,Mumbai,C0125,3,Fuel|Electronics,85434,0.03872704570094203,0.5345752204308869,0.634118436994846,UPI|CARD|NET_BANKING,SCN-002026-0125,KYC_IDENTITY,0.23551262891251706,0.11010874781990213,D0125,20,UPI,9,1.1325590643060621
67,3527.54,Mumbai,C0126,3,Electronics|Shopping|Food,130000,0.040449596469808724,0.8250678815842977,0.5400738705076484,CARD|UPI|NET_BANKING,SCN-002026-0126,TRANSACTION_ANOMALY,0.22188215784204224,0.16192650379662177,D0126,21,CARD,7,0.710459703633239
38,2907.09,Mumbai,C0127,3,Shopping|Entertainment,105696,0.07759609429471617,0.8380282090851754,0.217604160805605,CARD|UPI|NET_BANKING,SCN-002026-0127,COMMUNICATION_SCAM,0.344548360974945,0.15395533319965105,D0127,23,CARD,8,1.1694409912073724
57,3985.64,Pune,C0128,1,Shopping|Entertainment,117625,0.07143783051745042,0.7087742894418803,0.7158286785455164,UPI|CARD|NET_BANKING,SCN-002026-0128,KYC_IDENTITY,0.14727757293428104,0.1347530185134824,D0128,22,UPI,6,0.869280709740647
30,1536.36,Mumbai,C0129,1,Electronics|Fuel,51012,0.09674433432289152,0.5111558407064383,0.7812724624091878,CARD|UPI|NET_BANKING,SCN-002026-0129,LONGITUDINAL_BEHAVIOR,0.18219127122444645,0.2468348330748289,D0129,21,CARD,7,0.7729472050983768
53,2973.88,Hyderabad,C0130,3,Food|Shopping,105901,0.10864763366241634,0.5219198214941494,0.4495052215997565,UPI|CARD|NET_BANKING,SCN-002026-0130,LONGITUDINAL_BEHAVIOR,0.1597831961481476,0.24258495676647684,D0130,20,UPI,7,1.1570899771410001
31,2723.92,Bangalore,C0131,2,Travel|Fuel|Food,102963,0.05262716527473485,0.5814819666219541,0.3694692740081031,UPI|CARD|NET_BANKING,SCN-002026-0131,CLASSIFIER_EVALUATION,0.29331669359480667,0.1997372721133377,D0131,22,UPI,8,1.337932798114848
52,3993.1,Mumbai,C0132,5,Fuel|Food,121055,0.09136666133087651,0.7551885534568825,0.7336934420586922,UPI|CARD|NET_BANKING,SCN-002026-0132,COMMUNICATION_SCAM,0.1379716645855589,0.20133838179409114,D0132,21,UPI,8,1.0163566849759764
29,2853.14,Mumbai,C0133,1,Entertainment|Travel|Food,91301,0.05978938710238289,0.515791490991453,0.2290909841478722,UPI|CARD|NET_BANKING,SCN-002026-0133,COMMUNICATION_SCAM,0.2837432115748483,0.21356984882239935,D0133,23,UPI,7,1.3475600366264966
65,2882.92,Delhi,C0134,3,Food|Entertainment,120817,0.0965939803261927,0.6141770916687586,0.69418450467999,UPI|CARD|NET_BANKING,SCN-002026-0134,COMMUNICATION_SCAM,0.1951400405891755,0.09547204266028572,D0134,23,UPI,6,0.7546205122001219
62,4290.54,Pune,C0135,2,Fuel|Entertainment|Electronics,136977,0.1003015658762325,0.5270164273600678,0.21999284410224765,CARD|UPI|NET_BANKING,SCN-002026-0135,COMMUNICATION_SCAM,0.25532917313346803,0.07425059523880179,D0135,22,CARD,8,1.1905717242032587
31,2532.1,Pune,C0136,2,Food|Travel,104602,0.043835827256800124,0.598261742965188,0.4217989101635429,CARD|UPI|NET_BANKING,SCN-002026-0136,TRANSACTION_ANOMALY,0.1736788763173781,0.1486521291143612,D0136,21,CARD,7,1.3479701902936982
34,1804.36,Mumbai,C0137,4,Entertainment|Shopping,79968,0.06639495614572588,0.8757328545772634,0.7126241050623625,UPI|CARD|NET_BANKING,SCN-002026-0137,LONGITUDINAL_BEHAVIOR,0.2572327961501215,0.1442194839563394,D0137,21,UPI,10,1.28864927058655
66,3528.22,Bangalore,C0138,3,Entertainment|Fuel,132123,0.06070519212808502,0.5921596443081996,0.7472999814738648,UPI|CARD|NET_BANKING,SCN-002026-0138,KYC_IDENTITY,0.23741963514424844,0.14000990491530432,D0138,22,UPI,9,0.8145318797880664
38,3306.88,Bangalore,C0139,4,Entertainment|Electronics|Travel,104832,0.054289484078517816,0.872034838570577,0.5487359381018265,CARD|UPI|NET_BANKING,SCN-002026-0139,LONGITUDINAL_BEHAVIOR,0.24822499220156535,0.06247015516002623,D0139,21,CARD,6,0.9732768788245483
38,2360.43,Bangalore,C0140,2,Food|Travel,67159,0.06935827947767734,0.8191282408310692,0.3357481321618967,CARD|UPI|NET_BANKING,SCN-002026-0140,COMMUNICATION_SCAM,0.2168403534067546,0.09524711233790072,D0140,21,CARD,9,1.05709190051018
32,2682.65,Mumbai,C0141,2,Food|Electronics,77205,0.11635316902494072,0.6010178992731796,0.611417459010144,UPI|CARD|NET_BANKING,SCN-002026-0141,LONGITUDINAL_BEHAVIOR,0.15132781065002843,0.24632583963547797,D0141,23,UPI,7,0.7712842361662547
27,1549.59,Hyderabad,C0142,2,Entertainment|Fuel|Electronics,55167,0.07394821597634325,0.8708268882985231,0.7495968969672697,CARD|UPI|NET_BANKING,SCN-002026-0142,LONGITUDINAL_BEHAVIOR,0.14019848973095134,0.19033787488863269,D0142,22,CARD,6,1.149674014311379
54,2190.75,Bangalore,C0143,2,Electronics|Entertainment|Food,88714,0.05887828070452222,0.462881301888871,0.25156796924000424,CARD|UPI|NET_BANKING,SCN-002026-0143,LONGITUDINAL_BEHAVIOR,0.19880983073072234,0.24589215803604936,D0143,20,CARD,10,0.8790317532441057
25,1299.76,Mumbai,C0144,2,Travel|Electronics|Fuel,56394,0.06319902263837378,0.6597988242750852,0.5994539980855065,UPI|CARD|NET_BANKING,SCN-002026-0144,LONGITUDINAL_BEHAVIOR,0.3324215885054484,0.12447633603780343,D0144,23,UPI,9,1.1034083579829106
21,1337.58,Pune,C0145,2,Entertainment|Electronics,59836,0.04778899081137364,0.6003787735105347,0.5288272168373523,UPI|CARD|NET_BANKING,SCN-002026-0145,TRANSACTION_ANOMALY,0.3356001067974653,0.1914285582718873,D0145,21,UPI,6,1.0486761490850958
39,2234.56,Hyderabad,C0146,2,Entertainment|Fuel,69701,0.029481818645277273,0.801664069573131,0.31347002095188936,UPI|CARD|NET_BANKING,SCN-002026-0146,CLASSIFIER_EVALUATION,0.34117109237416215,0.07909810960831845,D0146,23,UPI,9,1.2486849297769314
23,1069.76,Pune,C0147,1,Food|Shopping,38617,0.030323650699180287,0.5003951044203595,0.7418968288915369,UPI|CARD|NET_BANKING,SCN-002026-0147,CLASSIFIER_EVALUATION,0.1912742130644104,0.06988540285459909,D0147,20,UPI,8,1.2336924716452802
60,4325.17,Delhi,C0148,4,Fuel|Food|Electronics,140381,0.08852943164035378,0.8486939575056527,0.4107267100653229,CARD|UPI|NET_BANKING,SCN-002026-0148,TRANSACTION_ANOMALY,0.30386411877747765,0.2382804165348299,D0148,23,CARD,7,1.3050310580729498
41,2563.88,Mumbai,C0149,5,Electronics|Fuel,76643,0.1148211574447478,0.8182938890833342,0.25107565286524164,CARD|UPI|NET_BANKING,SCN-002026-0149,TRANSACTION_ANOMALY,0.1336020667182608,0.10945061742974824,D0149,20,CARD,9,0.7414063808027761
46,2436.66,Delhi,C0150,4,Food|Electronics,105551,0.07120983993520366,0.7054144993803941,0.24224925531118702,CARD|UPI|NET_BANKING,SCN-002026-0150,KYC_IDENTITY,0.18262580957709096,0.04285800278520744,D0150,23,CARD,10,1.3109679412651376
35,2713.31,Hyderabad,C0151,3,Travel|Electronics|Shopping,110355,0.04536822218168604,0.7388065996089641,0.28168998049458494,UPI|CARD|NET_BANKING,SCN-002026-0151,CLASSIFIER_EVALUATION,0.20237198173187504,0.022412129494130326,D0151,23,UPI,10,1.4063275644826114
25,1309.94,Hyderabad,C0152,1,Travel|Fuel,48888,0.11889402977292399,0.7188775356857096,0.7818377034476491,CARD|UPI|NET_BANKING,SCN-002026-0152,CLASSIFIER_EVALUATION,0.1898440755877464,0.22462032045390232,D0152,22,CARD,9,1.4538302264125642
34,2696.0,Mumbai,C0153,2,Fuel|Travel,94909,0.07281321986883157,0.4708888570233951,0.26648535292729714,UPI|CARD|NET_BANKING,SCN-002026-0153,LONGITUDINAL_BEHAVIOR,0.25669859827705377,0.12836285919641133,D0153,22,UPI,9,0.8723906895410747
46,3875.07,Hyderabad,C0154,1,Travel|Entertainment|Electronics,111421,0.07668773590213307,0.6252483208878644,0.7732206359226566,CARD|UPI|NET_BANKING,SCN-002026-0154,TRANSACTION_ANOMALY,0.15095073894917072,0.061477084801319026,D0154,20,CARD,10,1.0176395247484877
25,1876.94,Bangalore,C0155,1,Shopping|Entertainment,68676,0.05223888585540502,0.8600935339474163,0.6466485602897716,CARD|UPI|NET_BANKING,SCN-002026-0155,COMMUNICATION_SCAM,0.3051185579998772,0.08028410903972587,D0155,21,CARD,10,1.1375042179879837
26,1111.97,Pune,C0156,1,Food|Travel|Electronics,49556,0.028380227092965275,0.81558384634065,0.372059247826113,CARD|UPI|NET_BANKING,SCN-002026-0156,KYC_IDENTITY,0.24738639355043976,0.05589414814609159,D0156,20,CARD,9,0.9168494415065276
52,2367.51,Pune,C0157,2,Electronics|Fuel|Food,102094,0.0713204324620005,0.8168907987590273,0.23357671604678637,CARD|UPI|NET_BANKING,SCN-002026-0157,LONGITUDINAL_BEHAVIOR,0.33058548535989773,0.08543274119533718,D0157,22,CARD,6,1.105179364161447
41,2545.35,Pune,C0158,2,Entertainment|Electronics|Shopping,97704,0.029993390771885658,0.7614974255355051,0.49058858249762416,NET_BANKING|UPI|CARD,SCN-002026-0158,CLASSIFIER_EVALUATION,0.13896826966347448,0.02294397872750659,D0158,22,NET_BANKING,9,1.105327949121996
26,2842.09,Hyderabad,C0159,3,Shopping|Electronics,82469,0.07335563250609858,0.5219143751726663,0.34167189075118165,CARD|UPI|NET_BANKING,SCN-002026-0159,KYC_IDENTITY,0.2995738439899983,0.212028089595896,D0159,20,CARD,9,0.8011406295982617
49,3357.9,Bangalore,C0160,2,Fuel|Food|Electronics,114084,0.1055316214381812,0.5349896095661135,0.6578639744767871,CARD|UPI|NET_BANKING,SCN-002026-0160,LONGITUDINAL_BEHAVIOR,0.3205629823774172,0.11161231887291681,D0160,20,CARD,6,0.9102138267690547
20,2243.9,Hyderabad,C0161,1,Electronics|Food,64735,0.09059625324002225,0.7348008449949073,0.7948980331506732,NET_BANKING|UPI|CARD,SCN-002026-0161,CLASSIFIER_EVALUATION,0.3308740548033233,0.2109935318219275,D0161,20,NET_BANKING,7,1.218003525292468
53,2797.12,Pune,C0162,3,Electronics|Shopping,115688,0.028940683456059428,0.7646511268651734,0.7755539844572796,CARD|UPI|NET_BANKING,SCN-002026-0162,COMMUNICATION_SCAM,0.21785509192754687,0.07757676662397729,D0162,23,CARD,9,0.7511762924674371
60,3854.51,Delhi,C0163,4,Fuel|Food|Entertainment,133014,0.029785323124382906,0.5598974379912992,0.7824322574142446,NET_BANKING|UPI|CARD,SCN-002026-0163,COMMUNICATION_SCAM,0.2931312726751326,0.05141301646263256,D0163,22,NET_BANKING,7,1.3141299166896023
68,4383.8,Bangalore,C0164,6,Food|Fuel,147230,0.047784385716103356,0.5219946842341753,0.3112274840382031,UPI|CARD|NET_BANKING,SCN-002026-0164,COMMUNICATION_SCAM,0.18537458531014583,0.04814910390675088,D0164,22,UPI,10,1.297578773556196
25,2066.27,Bangalore,C0165,3,Travel|Fuel|Shopping,61502,0.0539801083217578,0.5371730470935577,0.5668751590607108,CARD|UPI|NET_BANKING,SCN-002026-0165,KYC_IDENTITY,0.2812029262973034,0.15764359859771698,D0165,23,CARD,9,0.7973015127889209
27,2534.9,Hyderabad,C0166,1,Entertainment|Fuel,75835,0.1073606625372385,0.6342351586183594,0.26415709274672244,UPI|CARD|NET_BANKING,SCN-002026-0166,KYC_IDENTITY,0.19374261703808904,0.06219045299542654,D0166,22,UPI,10,0.9107685091203825
25,2355.22,Pune,C0167,2,Electronics|Travel|Shopping,70569,0.053035374051700696,0.5648723288265283,0.5753885042871347,CARD|UPI|NET_BANKING,SCN-002026-0167,TRANSACTION_ANOMALY,0.27998370269243344,0.035703589718508094,D0167,22,CARD,8,0.9786040815862267
21,2247.55,Delhi,C0168,4,Shopping|Fuel|Entertainment,71324,0.0462966412892876,0.6700921543767548,0.7442373041904073,CARD|UPI|NET_BANKING,SCN-002026-0168,KYC_IDENTITY,0.25605945088544046,0.035500649576621704,D0168,20,CARD,10,1.3820545293830275
52,2745.46,Mumbai,C0169,1,Shopping|Travel|Food,117374,0.03039469900546167,0.7864563358159642,0.7288381125007317,UPI|CARD|NET_BANKING,SCN-002026-0169,COMMUNICATION_SCAM,0.1978017093507276,0.034909274207472925,D0169,20,UPI,10,0.9753939847691553
55,3455.45,Bangalore,C0170,3,Fuel|Food,114053,0.06739607038755238,0.613709975459283,0.4760925026919707,UPI|CARD|NET_BANKING,SCN-002026-0170,TRANSACTION_ANOMALY,0.1857329365823789,0.08880744273524702,D0170,22,UPI,7,0.7261153385044484
47,2363.24,Pune,C0171,4,Food|Entertainment|Travel,104870,0.09564300275573541,0.46948163676559773,0.46534431870350923,UPI|CARD|NET_BANKING,SCN-002026-0171,COMMUNICATION_SCAM,0.34069669248069573,0.23688043708164996,D0171,20,UPI,6,1.1425920656677504
68,3940.37,Pune,C0172,4,Food|Entertainment|Travel,143631,0.102875339375584,0.5092164168966199,0.2743151906935828,CARD|UPI|NET_BANKING,SCN-002026-0172,KYC_IDENTITY,0.22769991285198316,0.18904282885280124,D0172,21,CARD,9,1.4186412839838198
69,3835.33,Delhi,C0173,2,Entertainment|Food|Fuel,116617,0.09339576651760799,0.7740137563630213,0.21826056393241317,UPI|CARD|NET_BANKING,SCN-002026-0173,CLASSIFIER_EVALUATION,0.2787386738379192,0.1182759721695889,D0173,21,UPI,6,1.1596719501559514
20,2252.52,Delhi,C0174,3,Electronics|Entertainment,70974,0.10919300265325285,0.8027713594648627,0.35958451451166296,UPI|CARD|NET_BANKING,SCN-002026-0174,LONGITUDINAL_BEHAVIOR,0.28654661250602087,0.1649419047092107,D0174,21,UPI,6,0.8410325993875364
70,3426.36,Mumbai,C0175,2,Shopping|Electronics,132380,0.03282932959670324,0.818143367846223,0.2665709021228282,CARD|UPI|NET_BANKING,SCN-002026-0175,KYC_IDENTITY,0.12927211034842387,0.24277768410169615,D0175,21,CARD,8,1.4379740245795392
38,2169.41,Bangalore,C0176,3,Travel|Fuel,82834,0.06472176134068572,0.5179027652596859,0.3638825889309,CARD|UPI|NET_BANKING,SCN-002026-0176,LONGITUDINAL_BEHAVIOR,0.1703903063822525,0.22611973689626136,D0176,21,CARD,6,0.9317181251579617
39,2489.35,Pune,C0177,2,Food|Shopping,81341,0.09299377938539942,0.7824947601842858,0.44245159300516246,CARD|UPI|NET_BANKING,SCN-002026-0177,LONGITUDINAL_BEHAVIOR,0.33787981049121163,0.028093633750539332,D0177,20,CARD,7,0.9718826864838404
64,3369.77,Pune,C0178,4,Entertainment|Shopping,126110,0.10275946389915581,0.8244848774020177,0.4273431682354304,NET_BANKING|UPI|CARD,SCN-002026-0178,COMMUNICATION_SCAM,0.1746601909851611,0.08686732827938698,D0178,20,NET_BANKING,9,0.889294939395839
60,3390.33,Mumbai,C0179,3,Fuel|Food,136183,0.05391715065135076,0.6331677701867165,0.7456310807786972,NET_BANKING|UPI|CARD,SCN-002026-0179,COMMUNICATION_SCAM,0.2946775451751146,0.10702431528274978,D0179,20,NET_BANKING,8,1.042594437549008
39,2213.23,Bangalore,C0180,3,Entertainment|Electronics,64026,0.06243736156808062,0.5106876718702732,0.5112023907759233,CARD|UPI|NET_BANKING,SCN-002026-0180,KYC_IDENTITY,0.1916050762445549,0.12917548803926385,D0180,23,CARD,10,0.9854241323076786
39,2141.92,Bangalore,C0181,1,Shopping|Electronics,89781,0.11383739840924774,0.8415155143756032,0.3520908784314831,NET_BANKING|UPI|CARD,SCN-002026-0181,TRANSACTION_ANOMALY,0.21562816261827739,0.028496129831428595,D0181,21,NET_BANKING,6,1.318001960854828
31,2306.68,Delhi,C0182,5,Food|Electronics,98213,0.0318202489218417,0.5682322399742579,0.2459286670304945,CARD|UPI|NET_BANKING,SCN-002026-0182,CLASSIFIER_EVALUATION,0.13056117984139162,0.07925073991159062,D0182,22,CARD,10,1.206952783381186
50,2323.78,Mumbai,C0183,2,Entertainment|Fuel|Shopping,95511,0.10768053082913084,0.8656611924868338,0.5078595920411366,UPI|CARD|NET_BANKING,SCN-002026-0183,LONGITUDINAL_BEHAVIOR,0.26205270286723037,0.061412350329224985,D0183,22,UPI,7,1.1668906329817048
57,4611.57,Bangalore,C0184,5,Food|Fuel,134583,0.028985152296838994,0.858861060701777,0.7515976512461042,UPI|CARD|NET_BANKING,SCN-002026-0184,CLASSIFIER_EVALUATION,0.15246243468749637,0.2490819005452415,D0184,23,UPI,9,1.3855392178848729
34,2300.98,Bangalore,C0185,3,Entertainment|Travel,91695,0.11231475812801658,0.7972147218019909,0.4292329654344768,NET_BANKING|UPI|CARD,SCN-002026-0185,COMMUNICATION_SCAM,0.3447062214382034,0.11642517577800501,D0185,22,NET_BANKING,10,1.2652410362393156
20,1806.41,Mumbai,C0186,1,Entertainment|Fuel,73828,0.0723553405497058,0.75297969777239,0.5343539761970977,UPI|CARD|NET_BANKING,SCN-002026-0186,LONGITUDINAL_BEHAVIOR,0.14297005873077603,0.06217441891276035,D0186,21,UPI,7,1.2074864192850323
42,2795.68,Bangalore,C0187,2,Food|Fuel|Shopping,114777,0.09396920059291042,0.6321073748565373,0.34889104688844796,CARD|UPI|NET_BANKING,SCN-002026-0187,CLASSIFIER_EVALUATION,0.30334232826357976,0.11216469653853804,D0187,22,CARD,7,1.1500548707502518
63,3669.04,Hyderabad,C0188,3,Shopping|Travel,131718,0.07508382672784389,0.6876462772843253,0.2887639808222581,UPI|CARD|NET_BANKING,SCN-002026-0188,COMMUNICATION_SCAM,0.31366118366288565,0.17572739278353497,D0188,22,UPI,9,1.1090391359271208
23,2317.08,Pune,C0189,1,Food|Entertainment|Travel,83715,0.04614877352781899,0.6607875220228637,0.36271368221580735,UPI|CARD|NET_BANKING,SCN-002026-0189,COMMUNICATION_SCAM,0.1262420627467296,0.19621861583075084,D0189,21,UPI,8,1.421932845197849
27,3016.37,Delhi,C0190,2,Shopping|Food,88998,0.06856873076047434,0.8897149841417508,0.3771369514654268,NET_BANKING|UPI|CARD,SCN-002026-0190,LONGITUDINAL_BEHAVIOR,0.33450364219943046,0.10889945569973287,D0190,23,NET_BANKING,8,1.3043208794768775
23,1476.7,Hyderabad,C0191,2,Travel|Shopping,54141,0.035267138436722224,0.594734205322671,0.6341558770472746,CARD|UPI|NET_BANKING,SCN-002026-0191,CLASSIFIER_EVALUATION,0.14219428973167253,0.2348307651407504,D0191,21,CARD,8,1.2878783207637907
37,2141.06,Mumbai,C0192,1,Shopping|Entertainment,83119,0.06208590875063051,0.5249313701473075,0.2932448899966748,UPI|CARD|NET_BANKING,SCN-002026-0192,LONGITUDINAL_BEHAVIOR,0.1219131198137999,0.029039549322779572,D0192,22,UPI,8,1.1251797055010115
49,3075.59,Hyderabad,C0193,2,Shopping|Electronics,102585,0.02501698268699111,0.6761435074292328,0.716685673186789,UPI|CARD|NET_BANKING,SCN-002026-0193,KYC_IDENTITY,0.2756693584423784,0.19289871498746286,D0193,23,UPI,10,1.2122236530806623
69,3482.37,Mumbai,C0194,5,Food|Electronics,156129,0.04810618990235574,0.5524840650711155,0.5505197543231912,NET_BANKING|UPI|CARD,SCN-002026-0194,KYC_IDENTITY,0.28346333351790093,0.2394865231753915,D0194,22,NET_BANKING,10,1.1849488581978451
57,3672.23,Delhi,C0195,1,Electronics|Shopping,104167,0.07641932885750158,0.7530436580078652,0.7892907688588626,UPI|CARD|NET_BANKING,SCN-002026-0195,COMMUNICATION_SCAM,0.19048601249420483,0.10990742704943209,D0195,23,UPI,10,1.4399600466156277
49,2885.09,Pune,C0196,3,Travel|Food,106394,0.047141513720225514,0.7301031797525298,0.3621361708168491,UPI|CARD|NET_BANKING,SCN-002026-0196,TRANSACTION_ANOMALY,0.2134267566326114,0.10863491523758824,D0196,23,UPI,7,1.4235887005378292
63,3223.99,Delhi,C0197,1,Electronics|Food|Fuel,139776,0.09087705111123302,0.814374106638279,0.7905699005650781,CARD|UPI|NET_BANKING,SCN-002026-0197,TRANSACTION_ANOMALY,0.18220939610890122,0.24134659095827915,D0197,20,CARD,8,0.991282437793753
55,3327.27,Pune,C0198,6,Food|Travel,128137,0.036400818464325906,0.487388128139562,0.7056801431193698,UPI|CARD|NET_BANKING,SCN-002026-0198,COMMUNICATION_SCAM,0.2347666886421249,0.053654709601660716,D0198,21,UPI,6,1.290709357735912
34,2272.52,Bangalore,C0199,1,Travel|Electronics,87338,0.023703952853643278,0.5689944297725656,0.341166965610466,NET_BANKING|UPI|CARD,SCN-002026-0199,LONGITUDINAL_BEHAVIOR,0.30220449759896884,0.18646549001449192,D0199,23,NET_BANKING,10,1.0750889541828372
49,2413.18,Hyderabad,C0200,3,Shopping|Food,105140,0.03158283666023103,0.5148359932288791,0.30464587763892803,UPI|CARD|NET_BANKING,SCN-002026-0200,TRANSACTION_ANOMALY,0.30705025320692947,0.15279484896683077,D0200,21,UPI,9,1.1955175624053171
22,2325.43,Delhi,C0201,3,Shopping|Electronics,93645,0.05455828130530231,0.7162043283601451,0.5296389290615617,UPI|CARD|NET_BANKING,SCN-002026-0201,COMMUNICATION_SCAM,0.1472374189754042,0.1817113806045932,D0201,23,UPI,6,1.2307974124979992
57,4375.8,Hyderabad,C0202,5,Shopping|Entertainment,124421,0.06214038417458245,0.6923899678925858,0.3358281792363784,NET_BANKING|UPI|CARD,SCN-002026-0202,CLASSIFIER_EVALUATION,0.2635481616768228,0.18540019056002055,D0202,23,NET_BANKING,6,1.2384716969972607
23,1815.11,Pune,C0203,1,Electronics|Food,68905,0.09741003436535063,0.7893341893268739,0.6169768914741283,CARD|UPI|NET_BANKING,SCN-002026-0203,TRANSACTION_ANOMALY,0.3081653180305647,0.07810128046342399,D0203,20,CARD,6,1.0927500335856084
24,1804.86,Pune,C0204,2,Electronics|Fuel,69706,0.054145315595444,0.7955625491634939,0.3548702203015721,CARD|UPI|NET_BANKING,SCN-002026-0204,TRANSACTION_ANOMALY,0.14286451517219337,0.24213041883174327,D0204,21,CARD,9,0.7745016485483545
38,2929.98,Mumbai,C0205,1,Entertainment|Fuel|Travel,83502,0.051448502286829845,0.6390675533260545,0.615790736393765,CARD|UPI|NET_BANKING,SCN-002026-0205,LONGITUDINAL_BEHAVIOR,0.19228427717544425,0.24830954850259512,D0205,21,CARD,7,0.8498597796240268
32,1687.84,Bangalore,C0206,3,Entertainment|Shopping,74922,0.09835688918523326,0.7956175724683971,0.3275897375955549,UPI|CARD|NET_BANKING,SCN-002026-0206,KYC_IDENTITY,0.27827483513307294,0.0840838474266162,D0206,21,UPI,6,1.1685476796217393
39,2296.87,Pune,C0207,1,Entertainment|Fuel,69910,0.03747789247262831,0.6187175487892546,0.3801445147059055,CARD|UPI|NET_BANKING,SCN-002026-0207,TRANSACTION_ANOMALY,0.34196861688307256,0.21199886894878828,D0207,21,CARD,10,1.0907332627530228
50,4020.25,Pune,C0208,4,Fuel|Food|Shopping,116229,0.07434085752149637,0.604073906373827,0.5485674651242953,CARD|UPI|NET_BANKING,SCN-002026-0208,TRANSACTION_ANOMALY,0.2939099660056907,0.02290218364908933,D0208,22,CARD,9,0.828645570439408
38,2491.08,Bangalore,C0209,2,Travel|Fuel,84852,0.10954290472726991,0.5906219419277653,0.3860535879402946,CARD|UPI|NET_BANKING,SCN-002026-0209,CLASSIFIER_EVALUATION,0.33562863878764293,0.20659085551820017,D0209,20,CARD,10,1.106316654711905
22,1678.25,Bangalore,C0210,1,Electronics|Food,65256,0.04657587967565237,0.5688133334158493,0.2541222638466618,CARD|UPI|NET_BANKING,SCN-002026-0210,TRANSACTION_ANOMALY,0.31309787949316625,0.20246415354102915,D0210,23,CARD,8,1.4121713923372052
23,1951.29,Delhi,C0211,2,Food|Electronics,63846,0.07764157557472245,0.7879156365867175,0.6730967360011824,UPI|CARD|NET_BANKING,SCN-002026-0211,TRANSACTION_ANOMALY,0.29263138958690477,0.22511783595664206,D0211,22,UPI,7,0.892395204942031
25,2433.11,Hyderabad,C0212,1,Fuel|Entertainment,69392,0.09262112392266209,0.8255583408253775,0.35700855114478636,CARD|UPI|NET_BANKING,SCN-002026-0212,KYC_IDENTITY,0.17941797683494376,0.19335306960909,D0212,20,CARD,6,0.7863914129897536
66,3268.1,Delhi,C0213,3,Food|Travel,116260,0.08308886185033364,0.5660387230235533,0.5561111496442054,CARD|UPI|NET_BANKING,SCN-002026-0213,COMMUNICATION_SCAM,0.2372606087286651,0.10737930906474066,D0213,22,CARD,9,0.8625871250940701
33,2610.67,Delhi,C0214,2,Food|Fuel|Entertainment,79913,0.11266112885757357,0.8309837447557589,0.34458888987644143,NET_BANKING|UPI|CARD,SCN-002026-0214,KYC_IDENTITY,0.2671752541459723,0.03629326150216901,D0214,20,NET_BANKING,8,0.8052468706975393
48,2706.12,Hyderabad,C0215,3,Fuel|Electronics,105409,0.025799608283459455,0.6934747397956166,0.4358407545741422,NET_BANKING|UPI|CARD,SCN-002026-0215,CLASSIFIER_EVALUATION,0.19151061955393495,0.22495278823038733,D0215,23,NET_BANKING,10,1.4392974354913277
68,4601.93,Mumbai,C0216,3,Electronics|Travel,141292,0.06779629811154703,0.678405313615842,0.41030602002378513,NET_BANKING|UPI|CARD,SCN-002026-0216,CLASSIFIER_EVALUATION,0.23418156713137583,0.24645380894770366,D0216,20,NET_BANKING,8,1.2328093431996823
61,2540.15,Mumbai,C0217,3,Travel|Food,111914,0.08477656702651751,0.7956968330008254,0.5421788042247747,UPI|CARD|NET_BANKING,SCN-002026-0217,COMMUNICATION_SCAM,0.17061376765577374,0.18545220753046296,D0217,21,UPI,6,1.2968802881457684
59,3520.92,Hyderabad,C0218,4,Fuel|Entertainment,123927,0.050653589110500746,0.5677454908530678,0.6364469946660776,UPI|CARD|NET_BANKING,SCN-002026-0218,CLASSIFIER_EVALUATION,0.17640419484599926,0.2297768603561802,D0218,22,UPI,7,1.2760749770525446
25,677.06,Bangalore,C0219,1,Fuel|Food,24558,0.02018710632594309,0.8879337974681971,0.5909503637443414,UPI|CARD|NET_BANKING,SCN-002026-0219,CLASSIFIER_EVALUATION,0.16982154294286478,0.05922524215574983,D0219,20,UPI,9,0.7225310448621823
30,1749.5,Bangalore,C0220,1,Entertainment|Travel|Electronics,72302,0.08439466607773306,0.8383387665646349,0.40953262946663815,CARD|UPI|NET_BANKING,SCN-002026-0220,LONGITUDINAL_BEHAVIOR,0.3116296300665522,0.06552517467132549,D0220,22,CARD,9,0.7667957145759479
44,3284.99,Bangalore,C0221,2,Travel|Entertainment,102287,0.09289423353853711,0.585217795609481,0.5978504311287834,UPI|CARD|NET_BANKING,SCN-002026-0221,TRANSACTION_ANOMALY,0.19215264426509027,0.2380202132407597,D0221,21,UPI,9,1.3845211333420337
66,2672.64,Pune,C0222,3,Food|Entertainment,110743,0.11619471322061037,0.8860655115665589,0.668050580528403,UPI|CARD|NET_BANKING,SCN-002026-0222,CLASSIFIER_EVALUATION,0.3173391169947005,0.20251485745398265,D0222,21,UPI,7,1.3154081857734168
51,2888.41,Delhi,C0223,3,Shopping|Travel,107777,0.06122833286628421,0.5822146271102057,0.6979599616903194,CARD|UPI|NET_BANKING,SCN-002026-0223,CLASSIFIER_EVALUATION,0.296413223237716,0.0464000862801751,D0223,21,CARD,8,1.2413361545521213
41,3211.06,Pune,C0224,2,Food|Travel,102705,0.02659030253624775,0.5635954314787358,0.5921885818533602,UPI|CARD|NET_BANKING,SCN-002026-0224,LONGITUDINAL_BEHAVIOR,0.2648338055879774,0.084358404548519,D0224,23,UPI,8,1.329762228621993
66,5255.09,Delhi,C0225,3,Food|Electronics,152978,0.10203764207955267,0.5105288798387626,0.4955440600959828,CARD|UPI|NET_BANKING,SCN-002026-0225,LONGITUDINAL_BEHAVIOR,0.140998492588856,0.18277652741641026,D0225,23,CARD,7,1.4732743362750638
27,2442.06,Mumbai,C0226,1,Shopping|Electronics,83583,0.06419768918721455,0.8308729994159743,0.7648817679104041,UPI|CARD|NET_BANKING,SCN-002026-0226,COMMUNICATION_SCAM,0.33557189827404355,0.24944045957146993,D0226,20,UPI,7,1.3105860040335364
38,2295.6,Bangalore,C0227,3,Shopping|Travel|Fuel,98464,0.0712214946937815,0.8488394196355566,0.714604680185992,UPI|CARD|NET_BANKING,SCN-002026-0227,LONGITUDINAL_BEHAVIOR,0.16966296477540438,0.16995004460996835,D0227,22,UPI,10,0.7925085776062719
35,1929.78,Bangalore,C0228,5,Fuel|Travel|Electronics,72161,0.10583020505618669,0.7439134160608443,0.45982029627157184,NET_BANKING|UPI|CARD,SCN-002026-0228,KYC_IDENTITY,0.15928910816557898,0.22113505291088095,D0228,21,NET_BANKING,7,1.1468083094857182
27,1951.13,Delhi,C0229,2,Food|Shopping,74837,0.0958873926030187,0.49076449700916813,0.2326852635852518,CARD|UPI|NET_BANKING,SCN-002026-0229,COMMUNICATION_SCAM,0.1874222469200129,0.02314871393917086,D0229,23,CARD,8,1.1195386551113562
47,2140.84,Delhi,C0230,4,Electronics|Food|Travel,85123,0.10136035862227342,0.6951709269086936,0.2741797482740153,UPI|CARD|NET_BANKING,SCN-002026-0230,COMMUNICATION_SCAM,0.1969644262950752,0.1753141592429843,D0230,20,UPI,6,1.2260358062453864
44,3576.29,Delhi,C0231,4,Electronics|Food,102905,0.0919268068734798,0.7669505591883315,0.277798416877152,NET_BANKING|UPI|CARD,SCN-002026-0231,KYC_IDENTITY,0.12693667960309057,0.11695029835777145,D0231,23,NET_BANKING,10,0.8156819781561703
32,2626.17,Delhi,C0232,1,Travel|Food,77305,0.0346681079975011,0.5479333131642535,0.22743668368625777,UPI|CARD|NET_BANKING,SCN-002026-0232,COMMUNICATION_SCAM,0.321060981190814,0.2170765239327167,D0232,22,UPI,7,0.7620999603982218
56,4214.86,Hyderabad,C0233,5,Entertainment|Shopping,119969,0.05596978920895497,0.8478609864478023,0.6774382690438385,UPI|CARD|NET_BANKING,SCN-002026-0233,KYC_IDENTITY,0.17091875817376564,0.10451051112363671,D0233,23,UPI,9,1.3505677454377265
49,2711.01,Delhi,C0234,3,Entertainment|Food,106124,0.11513608444645931,0.8918965631705327,0.3622298024922803,CARD|UPI|NET_BANKING,SCN-002026-0234,COMMUNICATION_SCAM,0.16952265857947202,0.21259168713606424,D0234,21,CARD,7,1.3070468600398797
58,3923.04,Delhi,C0235,3,Shopping|Electronics,130387,0.06427157879290443,0.5800734480275026,0.6110928915987702,CARD|UPI|NET_BANKING,SCN-002026-0235,LONGITUDINAL_BEHAVIOR,0.2046710723821636,0.10623318108434501,D0235,21,CARD,10,1.0531284481560668
48,3782.85,Hyderabad,C0236,2,Travel|Shopping,114889,0.11397077283719112,0.49121117657971664,0.5820919416711761,CARD|UPI|NET_BANKING,SCN-002026-0236,TRANSACTION_ANOMALY,0.1843002892460019,0.15314886399996205,D0236,20,CARD,8,1.2631280121337471
22,2760.9,Mumbai,C0237,2,Shopping|Food,83003,0.046089251979842094,0.7779890780636496,0.6221628084900184,NET_BANKING|UPI|CARD,SCN-002026-0237,KYC_IDENTITY,0.25053496675718734,0.20718016059206998,D0237,23,NET_BANKING,9,0.9674790500361989
54,2669.09,Mumbai,C0238,3,Shopping|Food,110069,0.11660735386190776,0.5596452564972755,0.23431510820787266,NET_BANKING|UPI|CARD,SCN-002026-0238,COMMUNICATION_SCAM,0.29099504853113844,0.1939102347049118,D0238,21,NET_BANKING,9,1.298382112160058
37,3169.46,Delhi,C0239,1,Entertainment|Electronics,96441,0.035722492293930534,0.6725617401725392,0.37664619462068644,NET_BANKING|UPI|CARD,SCN-002026-0239,COMMUNICATION_SCAM,0.32591685953718574,0.03294423384645805,D0239,22,NET_BANKING,7,1.426888469043721
68,3309.7,Mumbai,C0240,5,Electronics|Entertainment,129172,0.11310955739659499,0.8615672881155236,0.5611451806696348,UPI|CARD|NET_BANKING,SCN-002026-0240,CLASSIFIER_EVALUATION,0.1782720722183711,0.19508434389949583,D0240,22,UPI,6,1.4359683736144446
46,2575.75,Hyderabad,C0241,2,Shopping|Electronics,99545,0.03468161206769202,0.7058849191006974,0.4081957177016111,UPI|CARD|NET_BANKING,SCN-002026-0241,COMMUNICATION_SCAM,0.3038452270577157,0.24128947087755417,D0241,23,UPI,7,1.0685618908815622
65,3343.83,Mumbai,C0242,3,Travel|Shopping,137201,0.09068575758853836,0.7700077319178522,0.5019632628189433,CARD|UPI|NET_BANKING,SCN-002026-0242,KYC_IDENTITY,0.17533048967007336,0.06356314326773123,D0242,21,CARD,9,1.4353186739609654
41,2273.22,Mumbai,C0243,3,Travel|Food,95011,0.058197255390601374,0.8562832634903554,0.792147504524584,UPI|CARD|NET_BANKING,SCN-002026-0243,TRANSACTION_ANOMALY,0.2346252209219481,0.15356315712242674,D0243,21,UPI,7,0.8033229861941642
43,2836.0,Hyderabad,C0244,3,Shopping|Electronics,87683,0.11112860272000841,0.6744064266772811,0.4670005970465203,CARD|UPI|NET_BANKING,SCN-002026-0244,KYC_IDENTITY,0.2683461945415431,0.025116039331787784,D0244,21,CARD,9,0.7682441027188758
41,2856.03,Bangalore,C0245,2,Shopping|Food|Electronics,119047,0.09558248641058367,0.6228480376177683,0.37106101525866625,CARD|UPI|NET_BANKING,SCN-002026-0245,COMMUNICATION_SCAM,0.28032790989487283,0.21009596896192137,D0245,23,CARD,9,1.129349574126502
21,1254.4,Pune,C0246,2,Entertainment|Food,50852,0.08284624288976615,0.7174052872881654,0.23826980159939803,UPI|CARD|NET_BANKING,SCN-002026-0246,KYC_IDENTITY,0.16127454904569385,0.06707015470353071,D0246,20,UPI,10,1.2048933744058319
33,2802.63,Pune,C0247,2,Shopping|Electronics,83662,0.048275979544324825,0.7801522432979389,0.43193888558231053,NET_BANKING|UPI|CARD,SCN-002026-0247,TRANSACTION_ANOMALY,0.16248069763420772,0.0770777295729369,D0247,20,NET_BANKING,6,0.7414805231654457
39,3083.83,Pune,C0248,4,Fuel|Entertainment|Shopping,96408,0.021606551889060292,0.5783678781765065,0.7909561898712478,UPI|CARD|NET_BANKING,SCN-002026-0248,KYC_IDENTITY,0.22360003886763413,0.12843337899237778,D0248,20,UPI,9,1.1141584983779713
53,2304.92,Bangalore,C0249,3,Fuel|Entertainment|Electronics,96160,0.02122646039887201,0.45837127517395554,0.2428309690735882,NET_BANKING|UPI|CARD,SCN-002026-0249,TRANSACTION_ANOMALY,0.2110356008606326,0.06462036164386212,D0249,21,NET_BANKING,7,0.7660398551783056
40,2477.4,Delhi,C0250,3,Entertainment|Electronics,80671,0.024520429668890648,0.8115530253437158,0.4100752925471145,NET_BANKING|UPI|CARD,SCN-002026-0250,TRANSACTION_ANOMALY,0.21233041515980358,0.04571103462959894,D0250,23,NET_BANKING,9,1.1114586653033764
21,1145.21,Pune,C0251,1,Shopping|Electronics,46762,0.05250693711848746,0.46209620514078104,0.2573442584498737,NET_BANKING|UPI|CARD,SCN-002026-0251,COMMUNICATION_SCAM,0.3341518069313991,0.1276822723997391,D0251,20,NET_BANKING,10,1.4279042920205147
29,2448.39,Pune,C0252,1,Electronics|Shopping|Travel,85747,0.06851092485391097,0.6995025430556254,0.5322404135582507,UPI|CARD|NET_BANKING,SCN-002026-0252,LONGITUDINAL_BEHAVIOR,0.23074750728885285,0.0291736634940579,D0252,23,UPI,7,0.7261616090886935
51,2052.17,Pune,C0253,2,Electronics|Fuel,87877,0.07214620131295238,0.556693096083099,0.6982796703298582,UPI|CARD|NET_BANKING,SCN-002026-0253,LONGITUDINAL_BEHAVIOR,0.339383326463331,0.1823014298788485,D0253,23,UPI,8,0.8566857722711627
66,3767.01,Hyderabad,C0254,4,Entertainment|Fuel,135924,0.08700971502948801,0.754634930926,0.2588732847607726,UPI|CARD|NET_BANKING,SCN-002026-0254,TRANSACTION_ANOMALY,0.12199395690019002,0.0407831540252499,D0254,23,UPI,7,1.2856903748107902
37,1772.22,Pune,C0255,3,Food|Entertainment,77119,0.0879917544328822,0.64635031212188,0.7270939605314948,CARD|UPI|NET_BANKING,SCN-002026-0255,TRANSACTION_ANOMALY,0.3173803824305995,0.10215840560961384,D0255,21,CARD,6,0.995590316979613
53,4293.4,Pune,C0256,3,Fuel|Electronics|Entertainment,129316,0.07437329431844399,0.47713098138571175,0.344538088620424,UPI|CARD|NET_BANKING,SCN-002026-0256,TRANSACTION_ANOMALY,0.29674299014544825,0.15459461967718105,D0256,21,UPI,8,1.2897152478023202
21,1522.18,Delhi,C0257,1,Entertainment|Shopping,53956,0.028761884107926777,0.6301405144590608,0.4540332366334062,UPI|CARD|NET_BANKING,SCN-002026-0257,KYC_IDENTITY,0.2341916030732566,0.18924106327024032,D0257,22,UPI,7,1.1506294491088898
38,3463.86,Delhi,C0258,1,Shopping|Entertainment,102713,0.09610890286695839,0.7235059102449128,0.42656221757335544,CARD|UPI|NET_BANKING,SCN-002026-0258,COMMUNICATION_SCAM,0.32976204400391107,0.11368376512493114,D0258,21,CARD,6,1.3873051864721984
32,1218.69,Delhi,C0259,1,Food|Electronics,41250,0.03690909045826703,0.5656151884693755,0.7494602492203017,CARD|UPI|NET_BANKING,SCN-002026-0259,KYC_IDENTITY,0.24798810070427754,0.03324208841433224,D0259,23,CARD,9,1.288445469565421
39,2889.4,Mumbai,C0260,3,Fuel|Shopping,84636,0.050024073896530886,0.8286034677767438,0.20447975148838296,UPI|CARD|NET_BANKING,SCN-002026-0260,KYC_IDENTITY,0.27890470531738554,0.10024421482340434,D0260,21,UPI,9,1.3613372586696288
29,2500.44,Pune,C0261,2,Fuel|Entertainment|Food,78673,0.024291415951702693,0.897231352962865,0.2217827087777276,NET_BANKING|UPI|CARD,SCN-002026-0261,KYC_IDENTITY,0.2690170947747248,0.0804738101452297,D0261,23,NET_BANKING,10,1.3103846220797337
24,1272.45,Delhi,C0262,1,Travel|Shopping|Food,54578,0.09263833879965251,0.8609789759066463,0.65333634875547,CARD|UPI|NET_BANKING,SCN-002026-0262,CLASSIFIER_EVALUATION,0.1612778756126637,0.18889849503685166,D0262,22,CARD,6,1.4499846687930829
57,3306.55,Delhi,C0263,1,Electronics|Food,116773,0.06706827299369691,0.7628055759246762,0.7413749417547026,CARD|UPI|NET_BANKING,SCN-002026-0263,KYC_IDENTITY,0.2722985890491068,0.13881763603602157,D0263,23,CARD,6,0.9216246160683905
19,833.03,Pune,C0264,1,Fuel|Travel,29705,0.08472498137802635,0.8179728325434176,0.27209758031208775,CARD|UPI|NET_BANKING,SCN-002026-0264,COMMUNICATION_SCAM,0.32333978073099534,0.0684665892524099,D0264,22,CARD,8,1.3224448962733257
34,2139.73,Pune,C0265,1,Food|Fuel|Travel,62850,0.05919409606767054,0.4961458034536467,0.7484747759909733,UPI|CARD|NET_BANKING,SCN-002026-0265,COMMUNICATION_SCAM,0.14809422812366058,0.24789841256515824,D0265,21,UPI,10,0.8466022492927291
58,3338.16,Mumbai,C0266,4,Electronics|Food|Travel,127539,0.03380787826819637,0.5926516259745025,0.5449506087471943,NET_BANKING|UPI|CARD,SCN-002026-0266,LONGITUDINAL_BEHAVIOR,0.17237088941403453,0.195664425717601,D0266,20,NET_BANKING,8,1.4168260075210566
38,2558.03,Bangalore,C0267,4,Entertainment|Travel,109350,0.057088819306383626,0.8379171322833847,0.7089212953475452,CARD|UPI|NET_BANKING,SCN-002026-0267,COMMUNICATION_SCAM,0.20758816007025932,0.1078926952329105,D0267,21,CARD,8,1.3195815643625244
31,2269.24,Bangalore,C0268,1,Electronics|Food|Travel,71596,0.09149930924831919,0.49640620685056985,0.49720662473558125,CARD|UPI|NET_BANKING,SCN-002026-0268,COMMUNICATION_SCAM,0.30084441361332703,0.1415912024222014,D0268,22,CARD,10,1.2442527801197893
20,2477.89,Mumbai,C0269,1,Food|Fuel|Electronics,71191,0.055317986462669666,0.5000707546974481,0.39808924184744393,CARD|UPI|NET_BANKING,SCN-002026-0269,KYC_IDENTITY,0.31687642293581925,0.18101893561338894,D0269,22,CARD,8,1.1837703224220002
39,2887.1,Mumbai,C0270,1,Fuel|Entertainment|Travel,82163,0.06996785419255479,0.8707237837244777,0.43830645547502056,UPI|CARD|NET_BANKING,SCN-002026-0270,TRANSACTION_ANOMALY,0.26155243883321677,0.12713543755850157,D0270,23,UPI,7,1.2770138601924785
33,2305.4,Mumbai,C0271,1,Food|Electronics,78591,0.08422989331947621,0.7057088829371195,0.38304664628243557,UPI|CARD|NET_BANKING,SCN-002026-0271,LONGITUDINAL_BEHAVIOR,0.25356705187168727,0.24709778223624726,D0271,23,UPI,8,1.20810576830804
43,2466.8,Delhi,C0272,4,Electronics|Travel,89442,0.10953604034184403,0.6610456101516224,0.6151178336776453,CARD|UPI|NET_BANKING,SCN-002026-0272,KYC_IDENTITY,0.18425886375504666,0.1368812338240591,D0272,21,CARD,7,1.3857823089816357
25,1514.79,Pune,C0273,1,Food|Shopping,45258,0.050556190240149165,0.8610175416464384,0.575116239893803,CARD|UPI|NET_BANKING,SCN-002026-0273,KYC_IDENTITY,0.1487434550300017,0.1102130238028573,D0273,21,CARD,7,1.243746439818894
68,4754.28,Bangalore,C0274,2,Fuel|Electronics,149800,0.08450086801132153,0.8512781138988325,0.3817756085998518,UPI|CARD|NET_BANKING,SCN-002026-0274,KYC_IDENTITY,0.2325236101859952,0.1791805298175354,D0274,22,UPI,10,1.0815247194014943
34,2863.79,Mumbai,C0275,1,Shopping|Fuel|Electronics,84789,0.07810320781360729,0.5111653428788214,0.5020220611171984,CARD|UPI|NET_BANKING,SCN-002026-0275,CLASSIFIER_EVALUATION,0.14498783828005282,0.08535617462884343,D0275,22,CARD,6,0.7360751734418245
69,3311.52,Bangalore,C0276,6,Entertainment|Food,133019,0.09084273027985978,0.728168533972209,0.5896151880940153,CARD|UPI|NET_BANKING,SCN-002026-0276,LONGITUDINAL_BEHAVIOR,0.3047154199824225,0.23958521233350458,D0276,22,CARD,7,1.166663587509804
23,1332.76,Hyderabad,C0277,3,Entertainment|Food,49779,0.09082145137067424,0.7461175029923761,0.29683465928412545,UPI|CARD|NET_BANKING,SCN-002026-0277,LONGITUDINAL_BEHAVIOR,0.26352570311131185,0.20067396855576522,D0277,22,UPI,10,1.3736540579337695
62,2962.33,Bangalore,C0278,3,Electronics|Shopping,125925,0.053955262273336774,0.5924250853008269,0.5849550376708925,CARD|UPI|NET_BANKING,SCN-002026-0278,LONGITUDINAL_BEHAVIOR,0.28600109937747303,0.1050517286975296,D0278,23,CARD,10,1.3947725407865827
36,1961.4,Bangalore,C0279,2,Travel|Electronics,83961,0.10560506291616649,0.5545780761091805,0.2876184357431444,UPI|CARD|NET_BANKING,SCN-002026-0279,COMMUNICATION_SCAM,0.20253055068357603,0.04528022154242209,D0279,21,UPI,10,1.2617758951582083
39,2007.38,Bangalore,C0280,3,Travel|Entertainment|Electronics,86793,0.03214692470732623,0.5008566475905998,0.7266106093180333,UPI|CARD|NET_BANKING,SCN-002026-0280,COMMUNICATION_SCAM,0.2645921954220535,0.22869752577074376,D0280,21,UPI,6,0.7715081875296771
54,2404.06,Mumbai,C0281,2,Food|Fuel|Electronics,98784,0.11718009627690604,0.79606524252658,0.3156648362624454,CARD|UPI|NET_BANKING,SCN-002026-0281,KYC_IDENTITY,0.18632929123081138,0.11527483669242591,D0281,22,CARD,10,1.3042046256059003
18,2605.77,Mumbai,C0282,4,Fuel|Shopping|Travel,88308,0.08550516481451849,0.5932465655841982,0.3938414331073336,CARD|UPI|NET_BANKING,SCN-002026-0282,TRANSACTION_ANOMALY,0.2922444974671501,0.20746226358456762,D0282,22,CARD,6,0.7030348548152244
38,2533.85,Mumbai,C0283,3,Fuel|Entertainment|Shopping,100732,0.06714214746399397,0.6063544826600886,0.2704749419139061,UPI|CARD|NET_BANKING,SCN-002026-0283,TRANSACTION_ANOMALY,0.3052003002736074,0.09354239340752232,D0283,21,UPI,8,0.9585800819149661
28,2058.89,Bangalore,C0284,3,Shopping|Fuel|Food,74312,0.040612489819855574,0.7463056815179843,0.30800105701600966,UPI|CARD|NET_BANKING,SCN-002026-0284,COMMUNICATION_SCAM,0.14605032367071813,0.08069378097588674,D0284,20,UPI,10,0.9815843572571799
34,2879.2,Delhi,C0285,4,Food|Travel|Electronics,104276,0.059060737198334295,0.60752141854086,0.6467912091054129,UPI|CARD|NET_BANKING,SCN-002026-0285,COMMUNICATION_SCAM,0.14703373334123496,0.11614323057044484,D0285,20,UPI,7,1.2686124868775683
40,2748.73,Pune,C0286,3,Entertainment|Shopping|Food,99348,0.03538104776579908,0.8012614195334972,0.36432470397635935,CARD|UPI|NET_BANKING,SCN-002026-0286,COMMUNICATION_SCAM,0.22777054635769062,0.06809922371808043,D0286,22,CARD,7,1.280258532343439
54,2710.8,Pune,C0287,5,Travel|Entertainment,110979,0.0841672362580848,0.47508203474880095,0.27961218874832194,CARD|UPI|NET_BANKING,SCN-002026-0287,TRANSACTION_ANOMALY,0.2756128888145045,0.20521755454318735,D0287,20,CARD,8,0.8358187957127938
58,3533.43,Hyderabad,C0288,3,Food|Shopping|Electronics,136116,0.0901812080327488,0.4501562427540611,0.4152462741076528,CARD|UPI|NET_BANKING,SCN-002026-0288,TRANSACTION_ANOMALY,0.12543835478782833,0.2000191502382318,D0288,23,CARD,7,1.4246726984715612
64,3875.74,Delhi,C0289,1,Food|Entertainment|Travel,117145,0.05025241960988658,0.4973401180782483,0.5715802972376908,UPI|CARD|NET_BANKING,SCN-002026-0289,CLASSIFIER_EVALUATION,0.17240002982520142,0.19274874001745854,D0289,23,UPI,6,0.8895507758119263
28,1736.72,Delhi,C0290,1,Food|Travel,60252,0.082516635514777,0.7606290234225074,0.6230160583784817,NET_BANKING|UPI|CARD,SCN-002026-0290,COMMUNICATION_SCAM,0.12509258948053958,0.08650294838061094,D0290,20,NET_BANKING,9,1.3210767320926213
46,2500.27,Mumbai,C0291,4,Travel|Food,86357,0.03966521640709025,0.5145879431144121,0.49386470676956923,UPI|CARD|NET_BANKING,SCN-002026-0291,CLASSIFIER_EVALUATION,0.30178870284855047,0.10142534241237311,D0291,20,UPI,10,1.1263998189339497
34,2340.27,Delhi,C0292,3,Shopping|Entertainment|Electronics,91860,0.04192326805451285,0.7238360381592759,0.42733490033200944,NET_BANKING|UPI|CARD,SCN-002026-0292,LONGITUDINAL_BEHAVIOR,0.242626037025707,0.04848567761085034,D0292,22,NET_BANKING,10,1.4354540180643096
42,1903.21,Hyderabad,C0293,1,Electronics|Fuel|Entertainment,80783,0.11949064625682199,0.7149410506864156,0.5399062594334114,CARD|UPI|NET_BANKING,SCN-002026-0293,LONGITUDINAL_BEHAVIOR,0.22248221063277085,0.041062671647930725,D0293,20,CARD,9,0.7265028697822672
53,2484.53,Pune,C0294,4,Electronics|Food,100906,0.07383335347980625,0.5885523752850279,0.5229670499489469,CARD|UPI|NET_BANKING,SCN-002026-0294,COMMUNICATION_SCAM,0.292526579725097,0.17495140142268156,D0294,20,CARD,9,0.9159193950561597
18,1669.41,Hyderabad,C0295,2,Electronics|Shopping|Fuel,56998,0.087792873347697,0.6530533982759203,0.23032920414717337,NET_BANKING|UPI|CARD,SCN-002026-0295,TRANSACTION_ANOMALY,0.3103256492224956,0.021546628921346248,D0295,22,NET_BANKING,9,1.2555281773258442
62,2875.18,Pune,C0296,5,Shopping|Food,114718,0.04704593106954278,0.8076535918010823,0.5518174776803478,NET_BANKING|UPI|CARD,SCN-002026-0296,LONGITUDINAL_BEHAVIOR,0.3394432429534004,0.20700323068904092,D0296,22,NET_BANKING,6,1.1552877035960831
31,1551.7,Delhi,C0297,2,Fuel|Shopping|Electronics,56976,0.0976184615822265,0.8049713077023224,0.5856053659189164,UPI|CARD|NET_BANKING,SCN-002026-0297,TRANSACTION_ANOMALY,0.21202068346531247,0.0811346230430012,D0297,21,UPI,7,1.4865482867000508
21,1486.31,Bangalore,C0298,1,Electronics|Fuel,52445,0.02891711530663678,0.8613772946039797,0.21683684335834216,CARD|UPI|NET_BANKING,SCN-002026-0298,COMMUNICATION_SCAM,0.23942124910264467,0.13357411087124113,D0298,23,CARD,8,0.8361791330041143
18,1638.47,Pune,C0299,2,Food|Travel|Shopping,68765,0.03183230693071253,0.8754544160275541,0.3364096956798868,CARD|UPI|NET_BANKING,SCN-002026-0299,TRANSACTION_ANOMALY,0.2346813031257144,0.10311576788804716,D0299,21,CARD,7,1.379815042718528
38,2661.35,Hyderabad,C0300,3,Food|Shopping,112476,0.07612659157820406,0.7442755236029814,0.2395912347040529,CARD|UPI|NET_BANKING,SCN-002026-0300,KYC_IDENTITY,0.18254154291662655,0.17321587910212083,D0300,22,CARD,10,0.7128134883566295
69,3050.11,Pune,C0301,1,Fuel|Shopping,129696,0.02194770558573202,0.4715399083008284,0.4496032531619877,CARD|UPI|NET_BANKING,SCN-002026-0301,LONGITUDINAL_BEHAVIOR,0.31481639460258737,0.17882079190058778,D0301,22,CARD,7,0.8173196849857851
39,1763.42,Mumbai,C0302,1,Fuel|Travel,72878,0.11628607582022758,0.8190591565413781,0.7790784363928953,CARD|UPI|NET_BANKING,SCN-002026-0302,KYC_IDENTITY,0.33249193488621964,0.034579662687480105,D0302,23,CARD,9,0.7692031055457786
31,4090.65,Hyderabad,C0303,3,Fuel|Food,116119,0.10293235578600439,0.8209285890420218,0.3391409794261515,UPI|CARD|NET_BANKING,SCN-002026-0303,TRANSACTION_ANOMALY,0.2195496535386916,0.22131198399378352,D0303,20,UPI,8,1.0746826448003182
31,2089.84,Bangalore,C0304,1,Travel|Shopping,66403,0.07114015550361275,0.6239568596406051,0.3466845333494228,NET_BANKING|UPI|CARD,SCN-002026-0304,TRANSACTION_ANOMALY,0.328361247686268,0.0458573736885029,D0304,23,NET_BANKING,10,1.0628832353213635
47,3096.07,Mumbai,C0305,1,Fuel|Food,100078,0.09233233591834515,0.6386066519299287,0.7388681688718859,CARD|UPI|NET_BANKING,SCN-002026-0305,COMMUNICATION_SCAM,0.27941486396862536,0.243257368726206,D0305,23,CARD,7,0.9541432144627238
38,2215.6,Mumbai,C0306,3,Shopping|Travel,93386,0.09589249511918145,0.6804440357232857,0.5706483010033965,UPI|CARD|NET_BANKING,SCN-002026-0306,KYC_IDENTITY,0.2631570247606619,0.10916793061707407,D0306,20,UPI,7,0.836649845670802
30,1743.93,Mumbai,C0307,1,Fuel|Entertainment,56104,0.10922109489492327,0.6739168402906985,0.2356091376355406,UPI|CARD|NET_BANKING,SCN-002026-0307,COMMUNICATION_SCAM,0.31637636818990944,0.14513542573247493,D0307,21,UPI,7,1.3694889326935713
30,2086.51,Bangalore,C0308,2,Travel|Entertainment,84891,0.08263269711468656,0.5283044302432286,0.7905966777763853,UPI|CARD|NET_BANKING,SCN-002026-0308,CLASSIFIER_EVALUATION,0.15663578743106815,0.22870095509739083,D0308,23,UPI,6,0.8710313513881521
64,3442.4,Bangalore,C0309,4,Entertainment|Food|Travel,131573,0.08221816676568568,0.612958649324934,0.5612253517343442,UPI|CARD|NET_BANKING,SCN-002026-0309,CLASSIFIER_EVALUATION,0.2215640254521306,0.1176828580625646,D0309,21,UPI,10,0.8144335286942456
50,3161.8,Mumbai,C0310,4,Food|Travel,105181,0.06041246419542794,0.4665368135075274,0.7171732177185863,UPI|CARD|NET_BANKING,SCN-002026-0310,LONGITUDINAL_BEHAVIOR,0.1719437936521501,0.24243222725599647,D0310,21,UPI,9,0.8769767904211339
52,2720.12,Delhi,C0311,1,Shopping|Fuel,112200,0.10960732907111424,0.836865195614783,0.715630407583961,UPI|CARD|NET_BANKING,SCN-002026-0311,KYC_IDENTITY,0.3472953418995771,0.16205983455510417,D0311,22,UPI,10,0.8004980036456826
65,3463.65,Delhi,C0312,3,Travel|Food,125487,0.07435322912536099,0.46997335635821685,0.43399078560938414,UPI|CARD|NET_BANKING,SCN-002026-0312,LONGITUDINAL_BEHAVIOR,0.32488973559020573,0.11532327289551375,D0312,20,UPI,9,1.053220446515046
52,2735.03,Mumbai,C0313,3,Shopping|Fuel|Electronics,110787,0.07779506677586996,0.815863765513322,0.4472564941693101,CARD|UPI|NET_BANKING,SCN-002026-0313,TRANSACTION_ANOMALY,0.17741657008013995,0.19373247653389414,D0313,21,CARD,6,0.796438960540101
38,1995.91,Delhi,C0314,2,Food|Electronics,70431,0.02878494088407231,0.5509679146656863,0.30823239109914036,UPI|CARD|NET_BANKING,SCN-002026-0314,COMMUNICATION_SCAM,0.1928102752424134,0.04554119491026065,D0314,22,UPI,10,0.9663427784839825
35,1906.28,Mumbai,C0315,3,Travel|Fuel,78338,0.11817017301464998,0.8223561687656215,0.7676063058978764,CARD|UPI|NET_BANKING,SCN-002026-0315,TRANSACTION_ANOMALY,0.17337131593144167,0.2060817401164437,D0315,20,CARD,6,0.8160931434830245
36,1538.98,Pune,C0316,3,Travel|Entertainment|Food,67420,0.028338731813535693,0.7674424270825151,0.48838315144123573,CARD|UPI|NET_BANKING,SCN-002026-0316,LONGITUDINAL_BEHAVIOR,0.2769193956724739,0.07675164487288993,D0316,22,CARD,7,0.7917687778046012
48,3065.01,Hyderabad,C0317,1,Shopping|Food,115218,0.06485628525188641,0.6503179151172742,0.7576575006502551,CARD|UPI|NET_BANKING,SCN-002026-0317,TRANSACTION_ANOMALY,0.1617883745054719,0.0861885369129587,D0317,20,CARD,9,1.4901203925318829
30,2057.57,Delhi,C0318,5,Entertainment|Fuel|Electronics,84972,0.08873246040932391,0.7472583407081296,0.7968033209060765,UPI|CARD|NET_BANKING,SCN-002026-0318,COMMUNICATION_SCAM,0.2053100738438165,0.09068340123693014,D0318,23,UPI,8,1.0687106216204014
31,2650.96,Delhi,C0319,1,Fuel|Travel|Electronics,97914,0.058555855159898085,0.7327361041792941,0.3361522277410165,UPI|CARD|NET_BANKING,SCN-002026-0319,CLASSIFIER_EVALUATION,0.21887440996809177,0.08185720762534499,D0319,23,UPI,10,1.03359471799398
55,3934.37,Hyderabad,C0320,1,Shopping|Food,112600,0.08361482804258973,0.7991584986317933,0.5097718020483852,UPI|CARD|NET_BANKING,SCN-002026-0320,COMMUNICATION_SCAM,0.2735363170477748,0.24401952774931995,D0320,21,UPI,10,0.9938613773798788
58,3167.37,Pune,C0321,4,Electronics|Shopping|Travel,126016,0.05739578056949353,0.679290134125436,0.5880701980570046,NET_BANKING|UPI|CARD,SCN-002026-0321,LONGITUDINAL_BEHAVIOR,0.3390383397464041,0.10209002068096526,D0321,22,NET_BANKING,6,1.4955292699330003
56,4622.13,Hyderabad,C0322,3,Shopping|Fuel|Entertainment,130573,0.03487785368106369,0.5482028741656201,0.39833734171559554,CARD|UPI|NET_BANKING,SCN-002026-0322,LONGITUDINAL_BEHAVIOR,0.32467679954490203,0.19866356339768013,D0322,22,CARD,10,1.3296601330771773
45,3578.42,Hyderabad,C0323,2,Electronics|Shopping,120655,0.09018899944349788,0.45940290910780335,0.7849726551694332,CARD|UPI|NET_BANKING,SCN-002026-0323,CLASSIFIER_EVALUATION,0.31085200614496605,0.08811420292816932,D0323,21,CARD,8,1.2583626102195233
31,1750.14,Bangalore,C0324,2,Fuel|Electronics|Travel,76013,0.031930007304189614,0.6623608639031927,0.31419441757543337,UPI|CARD|NET_BANKING,SCN-002026-0324,KYC_IDENTITY,0.19546352075493476,0.22333983933945717,D0324,20,UPI,7,1.479903235729758
39,2151.91,Mumbai,C0325,1,Fuel|Food|Entertainment,93100,0.0964394580836554,0.8706231327486944,0.5936726060209632,CARD|UPI|NET_BANKING,SCN-002026-0325,TRANSACTION_ANOMALY,0.3182248103962875,0.04123463155533429,D0325,20,CARD,7,1.10037784873292
68,5148.12,Mumbai,C0326,6,Food|Electronics,146822,0.054545353852819015,0.8645892921804221,0.40609489683079114,CARD|UPI|NET_BANKING,SCN-002026-0326,LONGITUDINAL_BEHAVIOR,0.21250182494126466,0.18662155320565954,D0326,23,CARD,8,0.8223889628804053
58,3508.63,Hyderabad,C0327,4,Food|Travel,130894,0.11878534597773896,0.5451459848230445,0.36005266545253056,UPI|CARD|NET_BANKING,SCN-002026-0327,KYC_IDENTITY,0.2841818899985775,0.2388169139395771,D0327,20,UPI,10,1.2246323193159518
58,3031.56,Pune,C0328,2,Food|Entertainment,122989,0.05610115829654935,0.8708574866994694,0.48739624237611867,NET_BANKING|UPI|CARD,SCN-002026-0328,TRANSACTION_ANOMALY,0.3152652987538709,0.07079319496336531,D0328,23,NET_BANKING,9,1.2639332614412768
27,1726.59,Mumbai,C0329,2,Travel|Shopping,75400,0.07908130993083767,0.4817595740629723,0.30348283453551034,NET_BANKING|UPI|CARD,SCN-002026-0329,TRANSACTION_ANOMALY,0.2963556304249909,0.24659934235339032,D0329,23,NET_BANKING,8,0.9336664474107211
60,3577.18,Mumbai,C0330,2,Shopping|Fuel|Electronics,121767,0.06324983445896111,0.7665584386371944,0.2212434416111875,UPI|CARD|NET_BANKING,SCN-002026-0330,CLASSIFIER_EVALUATION,0.13865657769096745,0.17270859520321025,D0330,22,UPI,10,1.482459466506964
20,1611.19,Mumbai,C0331,4,Shopping|Electronics|Fuel,60482,0.056791676906666005,0.6138497752223248,0.671485931201431,UPI|CARD|NET_BANKING,SCN-002026-0331,LONGITUDINAL_BEHAVIOR,0.15800062118395192,0.16774275625701637,D0331,21,UPI,8,1.1044164987924066
65,4555.68,Pune,C0332,4,Electronics|Fuel|Travel,148475,0.06211124998202569,0.845990878508449,0.5467657044567872,UPI|CARD|NET_BANKING,SCN-002026-0332,COMMUNICATION_SCAM,0.34942047639601126,0.16737839264925916,D0332,23,UPI,10,0.9247432698752795
33,2253.95,Hyderabad,C0333,4,Electronics|Shopping,97662,0.1179361017631314,0.8688983313798548,0.7560037708049852,UPI|CARD|NET_BANKING,SCN-002026-0333,COMMUNICATION_SCAM,0.25055794255324304,0.10583153126451517,D0333,23,UPI,9,1.1945778594222538
40,3237.37,Bangalore,C0334,2,Shopping|Fuel,105029,0.0932843131340506,0.8809353630469577,0.7260323566249871,CARD|UPI|NET_BANKING,SCN-002026-0334,TRANSACTION_ANOMALY,0.13779417541001174,0.16782739756674606,D0334,20,CARD,7,1.398652919835096
30,2248.0,Pune,C0335,3,Entertainment|Food,86024,0.10133169748080505,0.8758274818668186,0.6090415082991605,CARD|UPI|NET_BANKING,SCN-002026-0335,LONGITUDINAL_BEHAVIOR,0.22557404582475998,0.08438455664900921,D0335,20,CARD,9,1.4437716132874927
29,1546.62,Mumbai,C0336,2,Shopping|Entertainment|Fuel,45964,0.10365414676650557,0.6847843906489435,0.610719716368445,CARD|UPI|NET_BANKING,SCN-002026-0336,COMMUNICATION_SCAM,0.12486253022267418,0.05995416943686503,D0336,23,CARD,9,1.060884546725829
23,1920.69,Bangalore,C0337,1,Entertainment|Fuel|Travel,61344,0.0840927433905083,0.6592444054510084,0.21779265157431377,NET_BANKING|UPI|CARD,SCN-002026-0337,COMMUNICATION_SCAM,0.2199138439161851,0.06412144316680601,D0337,20,NET_BANKING,7,0.8053091261347425
54,3194.63,Delhi,C0338,4,Shopping|Food,122610,0.043102267914005045,0.8875121048594001,0.29022333828051994,CARD|UPI|NET_BANKING,SCN-002026-0338,KYC_IDENTITY,0.31979437673673305,0.13931721898216393,D0338,21,CARD,10,1.4131833507066067
40,2056.79,Delhi,C0339,2,Fuel|Entertainment,83341,0.05967493520087719,0.4601508612796088,0.43004304653143244,UPI|CARD|NET_BANKING,SCN-002026-0339,TRANSACTION_ANOMALY,0.2989230770956549,0.022065921173118043,D0339,20,UPI,9,1.0288718635133247
45,2357.09,Delhi,C0340,3,Electronics|Fuel,97253,0.09808426065279482,0.7194350029799661,0.6059224897935652,NET_BANKING|UPI|CARD,SCN-002026-0340,KYC_IDENTITY,0.2609574269410462,0.1376573392124606,D0340,20,NET_BANKING,10,1.4791854309103285
57,3360.3,Pune,C0341,3,Travel|Entertainment|Shopping,116468,0.03537427786736874,0.7565733093983669,0.3628400295993873,CARD|UPI|NET_BANKING,SCN-002026-0341,LONGITUDINAL_BEHAVIOR,0.32300162042152814,0.12577371271198395,D0341,20,CARD,6,1.1461519168206757
54,3021.26,Bangalore,C0342,2,Shopping|Travel,105172,0.08239095895889316,0.6405720526644596,0.5951329033975516,NET_BANKING|UPI|CARD,SCN-002026-0342,COMMUNICATION_SCAM,0.16685532517633161,0.10539936353380565,D0342,20,NET_BANKING,8,1.4229113415546069
41,2175.24,Mumbai,C0343,1,Electronics|Fuel,73820,0.0645235302539728,0.785862889542916,0.6632710083884967,CARD|UPI|NET_BANKING,SCN-002026-0343,CLASSIFIER_EVALUATION,0.34492044875370187,0.19370636336678412,D0343,21,CARD,9,1.3758770570847205
57,2942.16,Hyderabad,C0344,4,Food|Entertainment|Electronics,113981,0.03237490460108633,0.5651942434674122,0.2964998934677203,CARD|UPI|NET_BANKING,SCN-002026-0344,TRANSACTION_ANOMALY,0.12450921064924707,0.05079993147885428,D0344,23,CARD,10,0.7700231450074473
61,3282.44,Bangalore,C0345,3,Food|Fuel,134665,0.0856203224771236,0.8690586582988302,0.778174285890558,NET_BANKING|UPI|CARD,SCN-002026-0345,LONGITUDINAL_BEHAVIOR,0.3143650021677611,0.17929050880103836,D0345,22,NET_BANKING,9,0.7975083422506097
67,3547.03,Pune,C0346,4,Shopping|Electronics,120043,0.07370814173827545,0.45851639317558146,0.5228728985777269,CARD|UPI|NET_BANKING,SCN-002026-0346,COMMUNICATION_SCAM,0.2059164116872464,0.14709229272756288,D0346,23,CARD,9,1.2832653965056249
20,1718.53,Mumbai,C0347,1,Shopping|Fuel,54900,0.08728027443074077,0.7548453427246309,0.46121738209465196,CARD|UPI|NET_BANKING,SCN-002026-0347,COMMUNICATION_SCAM,0.271057935522944,0.21662466111611814,D0347,23,CARD,7,1.0551079778172376
27,2239.55,Pune,C0348,3,Food|Electronics,85271,0.025721748047310183,0.6965306648535223,0.33815975643104806,CARD|UPI|NET_BANKING,SCN-002026-0348,COMMUNICATION_SCAM,0.18075065903788626,0.24049940409173798,D0348,20,CARD,10,0.7749512111266342
35,2378.55,Pune,C0349,2,Travel|Fuel|Food,93826,0.039063384869684206,0.6663554404958928,0.7659620976133372,CARD|UPI|NET_BANKING,SCN-002026-0349,CLASSIFIER_EVALUATION,0.14647884484248172,0.057155989357351486,D0349,23,CARD,8,1.0691624347398863
25,2622.86,Mumbai,C0350,4,Electronics|Fuel,79753,0.1109894640908535,0.8130946391132381,0.43909029133628485,CARD|UPI|NET_BANKING,SCN-002026-0350,TRANSACTION_ANOMALY,0.22293744580446745,0.19118433250636396,D0350,22,CARD,10,0.867572563227318
40,3144.44,Hyderabad,C0351,3,Shopping|Electronics|Food,94358,0.1033580849739765,0.8607255926831383,0.7417757864520764,CARD|UPI|NET_BANKING,SCN-002026-0351,LONGITUDINAL_BEHAVIOR,0.2418139239629833,0.06835090383834676,D0351,20,CARD,6,1.0312760709837523
28,2818.89,Hyderabad,C0352,3,Shopping|Travel,82088,0.0785581329938874,0.6009740306453939,0.5604172337752906,CARD|UPI|NET_BANKING,SCN-002026-0352,COMMUNICATION_SCAM,0.15953650604550412,0.18066240528426986,D0352,20,CARD,6,1.2082191961515925
67,3028.02,Hyderabad,C0353,4,Fuel|Electronics|Entertainment,128452,0.033328005794401795,0.7665328705834089,0.7945813317678587,CARD|UPI|NET_BANKING,SCN-002026-0353,LONGITUDINAL_BEHAVIOR,0.33889011978508,0.21321645353877783,D0353,20,CARD,9,1.2072807042960734
52,2267.53,Bangalore,C0354,1,Shopping|Entertainment|Food,101250,0.02891574163125596,0.6207659093568166,0.3451255933142994,NET_BANKING|UPI|CARD,SCN-002026-0354,KYC_IDENTITY,0.2932861424710414,0.14292221394433105,D0354,22,NET_BANKING,7,1.0994139518181187
29,1793.67,Hyderabad,C0355,2,Food|Entertainment,79894,0.06610344060768762,0.5072847458403648,0.7302429084103592,UPI|CARD|NET_BANKING,SCN-002026-0355,LONGITUDINAL_BEHAVIOR,0.32476196353801584,0.10359562039623069,D0355,22,UPI,6,0.9807428075483282
48,2665.49,Delhi,C0356,2,Food|Electronics,114926,0.1140961978678599,0.8036768606866769,0.5205008880715998,NET_BANKING|UPI|CARD,SCN-002026-0356,KYC_IDENTITY,0.3089256288324732,0.03522931526449939,D0356,20,NET_BANKING,9,0.7964973786977357
56,3692.72,Delhi,C0357,1,Shopping|Food,129943,0.0883033663204061,0.7116864408611969,0.6846647291019983,CARD|UPI|NET_BANKING,SCN-002026-0357,KYC_IDENTITY,0.18764464982158652,0.03287045155665701,D0357,21,CARD,6,1.2456244837466195
67,3846.06,Mumbai,C0358,3,Electronics|Travel|Entertainment,113132,0.09663918670947665,0.8100868675589696,0.2949409549552371,UPI|CARD|NET_BANKING,SCN-002026-0358,LONGITUDINAL_BEHAVIOR,0.2769826865796646,0.16914829404282894,D0358,23,UPI,7,1.426853580616927
27,2188.77,Delhi,C0359,2,Fuel|Electronics,84219,0.041880549094706315,0.637493855798029,0.7123263666814907,UPI|CARD|NET_BANKING,SCN-002026-0359,KYC_IDENTITY,0.2639958765663145,0.0396982709478884,D0359,20,UPI,8,0.9473758757360361
26,1391.25,Delhi,C0360,4,Shopping|Entertainment|Travel,51777,0.058032126368203166,0.7439757344703328,0.32863066454693235,UPI|CARD|NET_BANKING,SCN-002026-0360,LONGITUDINAL_BEHAVIOR,0.19392117518513052,0.14630846820841037,D0360,20,UPI,7,1.1382298788650427
26,1926.72,Pune,C0361,5,Travel|Electronics|Food,79391,0.06801316556243062,0.6016614840364265,0.2282180349225991,CARD|UPI|NET_BANKING,SCN-002026-0361,TRANSACTION_ANOMALY,0.15764744414493526,0.10204108660983262,D0361,20,CARD,8,0.7238500557102486
36,2409.82,Bangalore,C0362,2,Electronics|Shopping,100282,0.03770443954763052,0.6902341110283702,0.470180617399451,CARD|UPI|NET_BANKING,SCN-002026-0362,TRANSACTION_ANOMALY,0.3225154808857473,0.08718635136808245,D0362,20,CARD,8,1.4937960432201114
40,3568.35,Pune,C0363,7,Fuel|Entertainment,112509,0.08397019223456734,0.7343920414177574,0.242686885006552,CARD|UPI|NET_BANKING,SCN-002026-0363,TRANSACTION_ANOMALY,0.1885190180849123,0.20868859072807078,D0363,22,CARD,9,0.8360227173131991
46,3030.11,Mumbai,C0364,1,Electronics|Entertainment,104076,0.09105443328167061,0.565614976303797,0.5239893604523036,UPI|CARD|NET_BANKING,SCN-002026-0364,TRANSACTION_ANOMALY,0.204410651805816,0.09309740214239695,D0364,23,UPI,10,1.2083971708665586
39,1990.7,Hyderabad,C0365,4,Entertainment|Fuel,70740,0.10821677871548471,0.4641575750696991,0.2881840170448341,UPI|CARD|NET_BANKING,SCN-002026-0365,CLASSIFIER_EVALUATION,0.30154204484472685,0.20963260469909184,D0365,23,UPI,6,1.4409007683908495
66,4220.53,Delhi,C0366,2,Shopping|Food,125680,0.034896527012569394,0.7646617724606175,0.21718312929285177,UPI|CARD|NET_BANKING,SCN-002026-0366,KYC_IDENTITY,0.3147649984151401,0.05809141974610697,D0366,23,UPI,8,1.1087077361128577
59,2210.63,Bangalore,C0367,5,Electronics|Shopping,89763,0.10321174917697289,0.8927815005057433,0.7112812273263021,CARD|UPI|NET_BANKING,SCN-002026-0367,COMMUNICATION_SCAM,0.3224195529801145,0.10710219992076384,D0367,21,CARD,8,0.9749861632000738
44,2231.05,Mumbai,C0368,3,Food|Fuel|Entertainment,93892,0.1012167579819597,0.486725543920831,0.288531075774102,UPI|CARD|NET_BANKING,SCN-002026-0368,LONGITUDINAL_BEHAVIOR,0.15318176424773783,0.09131134990361472,D0368,20,UPI,9,1.0160102052641422
41,2634.28,Bangalore,C0369,5,Entertainment|Shopping,107668,0.04207572254865131,0.6132369549260399,0.2789895671494715,CARD|UPI|NET_BANKING,SCN-002026-0369,TRANSACTION_ANOMALY,0.20972782819374086,0.22095013347857992,D0369,21,CARD,9,1.334266929642689
34,2669.7,Pune,C0370,2,Entertainment|Food|Fuel,81055,0.1119918543776956,0.7602752043142783,0.4756870173971471,CARD|UPI|NET_BANKING,SCN-002026-0370,CLASSIFIER_EVALUATION,0.1565788326521257,0.1856157448612002,D0370,20,CARD,7,1.3792307469430505
52,3325.17,Delhi,C0371,5,Electronics|Fuel|Shopping,113266,0.10665352368423955,0.7309590252172522,0.7442547969361895,UPI|CARD|NET_BANKING,SCN-002026-0371,COMMUNICATION_SCAM,0.3295346736652425,0.157159377359896,D0371,20,UPI,7,1.008124828882914
60,4868.91,Delhi,C0372,3,Food|Electronics|Travel,147401,0.07958048451433605,0.6124691377062164,0.41610271477608374,CARD|UPI|NET_BANKING,SCN-002026-0372,LONGITUDINAL_BEHAVIOR,0.25933326117242816,0.20990568213957808,D0372,20,CARD,10,1.3963919890402852
21,1412.53,Pune,C0373,1,Travel|Fuel,62864,0.02380803431962983,0.46546420869012856,0.6801733013372728,CARD|UPI|NET_BANKING,SCN-002026-0373,COMMUNICATION_SCAM,0.31373101742005793,0.22802801650278595,D0373,23,CARD,6,0.7795583276323342
65,2938.28,Hyderabad,C0374,3,Electronics|Shopping,128416,0.0855317021433927,0.6857311169238534,0.26498987517439676,UPI|CARD|NET_BANKING,SCN-002026-0374,KYC_IDENTITY,0.21671574676203076,0.14198937593461516,D0374,21,UPI,7,1.2660733714559798
59,3709.36,Bangalore,C0375,1,Fuel|Travel|Shopping,117026,0.035180834640191706,0.7147213824714361,0.6903364421626049,NET_BANKING|UPI|CARD,SCN-002026-0375,LONGITUDINAL_BEHAVIOR,0.2084665163022056,0.09003346623334302,D0375,22,NET_BANKING,9,0.7105507700435449
45,3434.36,Delhi,C0376,4,Shopping|Entertainment,111100,0.05285674627791756,0.771572654924213,0.24012764077416132,UPI|CARD|NET_BANKING,SCN-002026-0376,TRANSACTION_ANOMALY,0.24695674526756625,0.1932119651329601,D0376,21,UPI,7,1.2113791071859457
35,2264.84,Hyderabad,C0377,1,Electronics|Entertainment|Fuel,78836,0.07737394058779828,0.8865783037763848,0.2384416584324852,UPI|CARD|NET_BANKING,SCN-002026-0377,KYC_IDENTITY,0.24983339239251465,0.08058688746538768,D0377,21,UPI,10,0.9239292846865288
42,2355.79,Delhi,C0378,2,Fuel|Electronics,95315,0.09021393915298098,0.7195042815517566,0.5209835366563109,UPI|CARD|NET_BANKING,SCN-002026-0378,COMMUNICATION_SCAM,0.21957987582126953,0.20198830038589818,D0378,21,UPI,9,0.9791698124768046
48,2746.88,Bangalore,C0379,2,Shopping|Electronics,98753,0.08774527873624445,0.6634627762067763,0.2806584881940668,UPI|CARD|NET_BANKING,SCN-002026-0379,CLASSIFIER_EVALUATION,0.15471295794129608,0.20897801478975667,D0379,21,UPI,7,1.4020181642051845
34,3178.01,Delhi,C0380,1,Entertainment|Food,93139,0.08334320999524188,0.8288492425929543,0.3420494800483923,UPI|CARD|NET_BANKING,SCN-002026-0380,LONGITUDINAL_BEHAVIOR,0.1293547570325038,0.14054449945661174,D0380,23,UPI,8,1.420168602372223
39,2201.78,Bangalore,C0381,3,Shopping|Entertainment,91182,0.08974090312374915,0.4558676512199234,0.6421736669129419,CARD|UPI|NET_BANKING,SCN-002026-0381,TRANSACTION_ANOMALY,0.16108454688454008,0.16184416215841216,D0381,23,CARD,8,1.0537591631979197
48,2588.04,Pune,C0382,4,Travel|Shopping|Food,97518,0.11842670575812259,0.7242256965930542,0.34095846558331233,CARD|UPI|NET_BANKING,SCN-002026-0382,TRANSACTION_ANOMALY,0.26939740460732897,0.15459968489667378,D0382,22,CARD,7,1.1803230643476377
62,3140.68,Hyderabad,C0383,4,Shopping|Food,123030,0.039432383264902275,0.7643354068721118,0.456577167576694,CARD|UPI|NET_BANKING,SCN-002026-0383,CLASSIFIER_EVALUATION,0.2134642490389161,0.22312044680163054,D0383,21,CARD,7,1.02418885127875
46,2443.97,Pune,C0384,4,Electronics|Food,104691,0.1191829445205055,0.5303738668841661,0.7157454319054166,UPI|CARD|NET_BANKING,SCN-002026-0384,LONGITUDINAL_BEHAVIOR,0.33056629120302394,0.03379390642395941,D0384,22,UPI,7,1.1914505017733292
59,4718.32,Mumbai,C0385,5,Entertainment|Fuel,156678,0.024186133325749197,0.5982108368378327,0.4331288845160984,UPI|CARD|NET_BANKING,SCN-002026-0385,KYC_IDENTITY,0.19334769501967514,0.09318791122233895,D0385,20,UPI,6,0.9972755806687146
28,2447.41,Delhi,C0386,1,Electronics|Travel,90148,0.08473649954426385,0.6129245744482104,0.5544324933510693,CARD|UPI|NET_BANKING,SCN-002026-0386,TRANSACTION_ANOMALY,0.313667604921938,0.2254074598028227,D0386,21,CARD,9,0.9710982226181641
46,3860.89,Delhi,C0387,3,Food|Shopping,112131,0.07931564938188673,0.4908615816150341,0.6029819022933229,NET_BANKING|UPI|CARD,SCN-002026-0387,TRANSACTION_ANOMALY,0.2631511966038699,0.2416509163549569,D0387,22,NET_BANKING,6,0.9251917859765217
30,2300.19,Bangalore,C0388,1,Food|Travel,93176,0.08122023124755898,0.6216378090092454,0.24717811695434308,UPI|CARD|NET_BANKING,SCN-002026-0388,CLASSIFIER_EVALUATION,0.2773604146105714,0.09084852200432886,D0388,23,UPI,7,0.9015691437650962
46,2969.22,Bangalore,C0389,1,Food|Entertainment,99207,0.03459308810107986,0.4502680740213985,0.6377643128839114,UPI|CARD|NET_BANKING,SCN-002026-0389,TRANSACTION_ANOMALY,0.1861328979605354,0.22321465110435545,D0389,21,UPI,7,1.3411988065112703
38,2242.71,Bangalore,C0390,1,Shopping|Electronics,84872,0.04349495862314719,0.48611357415005224,0.22734971540478394,UPI|CARD|NET_BANKING,SCN-002026-0390,LONGITUDINAL_BEHAVIOR,0.13478484167996163,0.06968048919737617,D0390,23,UPI,8,1.026023302341318
30,1403.63,Hyderabad,C0391,3,Food|Fuel,61526,0.06335572497527585,0.6422183865870214,0.5938546394217317,UPI|CARD|NET_BANKING,SCN-002026-0391,COMMUNICATION_SCAM,0.15251310672894472,0.07523663282461641,D0391,23,UPI,6,1.4874016341126723
29,2460.85,Bangalore,C0392,1,Food|Electronics|Travel,84828,0.048252611900014855,0.5728951124410302,0.6186688176479211,UPI|CARD|NET_BANKING,SCN-002026-0392,LONGITUDINAL_BEHAVIOR,0.23155191694074911,0.20064770787646474,D0392,21,UPI,10,0.8586757248665488
31,1253.25,Delhi,C0393,4,Travel|Shopping|Entertainment,43206,0.07570869572122559,0.5426953118865983,0.21176373063880213,NET_BANKING|UPI|CARD,SCN-002026-0393,CLASSIFIER_EVALUATION,0.33311525184649493,0.12006978033115825,D0393,21,NET_BANKING,9,1.2210611115462848
59,4002.27,Pune,C0394,3,Fuel|Electronics,114050,0.049247281320651405,0.8723499805071353,0.657138819987169,UPI|CARD|NET_BANKING,SCN-002026-0394,TRANSACTION_ANOMALY,0.2005550520777892,0.17557502334194303,D0394,20,UPI,10,1.021962829647302
36,1939.93,Bangalore,C0395,2,Entertainment|Food,81359,0.03613683399636693,0.8026277472945398,0.5043493885967836,UPI|CARD|NET_BANKING,SCN-002026-0395,LONGITUDINAL_BEHAVIOR,0.1857613910782202,0.19880833164079714,D0395,20,UPI,10,0.8517835517622425
69,3069.31,Hyderabad,C0396,2,Shopping|Travel,130570,0.09256850609493536,0.5397378230943459,0.5778125582865248,CARD|UPI|NET_BANKING,SCN-002026-0396,TRANSACTION_ANOMALY,0.2655310907041466,0.08878534686694707,D0396,20,CARD,6,1.0049845758903158
22,2065.23,Delhi,C0397,3,Travel|Food,72744,0.07863727097004813,0.8185587636813663,0.3901990601401809,CARD|UPI|NET_BANKING,SCN-002026-0397,TRANSACTION_ANOMALY,0.13058095615877763,0.10684032548356015,D0397,22,CARD,10,0.948285102337026
26,1996.43,Delhi,C0398,4,Travel|Entertainment,71041,0.08254457727233452,0.5524141179416167,0.7258837175884194,UPI|CARD|NET_BANKING,SCN-002026-0398,LONGITUDINAL_BEHAVIOR,0.31562726038598726,0.1156071308338127,D0398,20,UPI,10,0.7209399985970422
48,2744.53,Delhi,C0399,4,Electronics|Entertainment|Shopping,105152,0.08178446193294912,0.5594188669440086,0.46992464552972174,UPI|CARD|NET_BANKING,SCN-002026-0399,TRANSACTION_ANOMALY,0.1542131109265234,0.030998738735487363,D0399,23,UPI,7,1.2380484451647595
28,2039.08,Mumbai,C0400,1,Entertainment|Travel,58240,0.10614707509243378,0.5391785608045911,0.523326467669948,UPI|CARD|NET_BANKING,SCN-002026-0400,LONGITUDINAL_BEHAVIOR,0.269980992625993,0.24689865833069202,D0400,20,UPI,6,1.255382537123829
43,1978.27,Delhi,C0401,2,Food|Shopping,87968,0.09306885009662048,0.8589537315683666,0.36621743910614446,NET_BANKING|UPI|CARD,SCN-002026-0401,KYC_IDENTITY,0.2659622769453058,0.11903295373597587,D0401,20,NET_BANKING,10,0.7203346578552923
63,2486.44,Pune,C0402,1,Fuel|Food,103529,0.054466240835996216,0.48842003726191546,0.2203324101852139,UPI|CARD|NET_BANKING,SCN-002026-0402,LONGITUDINAL_BEHAVIOR,0.2583490914961711,0.06272879424931191,D0402,21,UPI,6,0.7008693883175189
49,3242.73,Bangalore,C0403,5,Entertainment|Electronics,110305,0.058332518164891684,0.47080096232387586,0.6502290804999917,UPI|CARD|NET_BANKING,SCN-002026-0403,COMMUNICATION_SCAM,0.23395704738374679,0.10316165450798546,D0403,21,UPI,8,1.3704603015000882
44,2754.8,Delhi,C0404,4,Food|Shopping,98376,0.10471666557929292,0.8346462797705453,0.3192959009870777,CARD|UPI|NET_BANKING,SCN-002026-0404,LONGITUDINAL_BEHAVIOR,0.32162700381075365,0.060719715970338886,D0404,20,CARD,9,1.219362021754931
61,4090.56,Delhi,C0405,4,Travel|Electronics,133740,0.1162932447004469,0.664176972045849,0.7750981846230398,CARD|UPI|NET_BANKING,SCN-002026-0405,KYC_IDENTITY,0.25336400907742673,0.20005249026600483,D0405,20,CARD,10,1.4345296244365429
22,2649.64,Bangalore,C0406,1,Shopping|Entertainment,84184,0.07308315582853543,0.8084125043397113,0.41404884714639834,NET_BANKING|UPI|CARD,SCN-002026-0406,CLASSIFIER_EVALUATION,0.2592241226015801,0.1034707205421579,D0406,20,NET_BANKING,7,1.1390742353637633
44,2804.64,Hyderabad,C0407,4,Food|Electronics|Entertainment,112240,0.08117518591128216,0.4553028103257529,0.20233679139615687,UPI|CARD|NET_BANKING,SCN-002026-0407,KYC_IDENTITY,0.3067349963849654,0.10244173649608307,D0407,22,UPI,10,1.0646543256964855
42,2381.64,Bangalore,C0408,4,Electronics|Travel,98008,0.11741270951344981,0.48105571993484636,0.4617005106368552,UPI|CARD|NET_BANKING,SCN-002026-0408,TRANSACTION_ANOMALY,0.16738154489204066,0.23706951978443236,D0408,23,UPI,6,0.9868313547905972
56,4047.53,Bangalore,C0409,3,Electronics|Fuel|Entertainment,119874,0.02987738846445919,0.8534564196554133,0.705962169728674,UPI|CARD|NET_BANKING,SCN-002026-0409,COMMUNICATION_SCAM,0.20693585438133671,0.16412978439168943,D0409,21,UPI,6,1.2501770584863885
59,3595.4,Pune,C0410,2,Entertainment|Shopping,127448,0.10313666185071803,0.6979819241299354,0.5133165401372694,CARD|UPI|NET_BANKING,SCN-002026-0410,TRANSACTION_ANOMALY,0.13734555282070526,0.03986888572358806,D0410,20,CARD,9,1.3785867665539564
52,2845.7,Delhi,C0411,2,Food|Shopping,95668,0.09848649047443923,0.5248741710533313,0.45677113584594076,CARD|UPI|NET_BANKING,SCN-002026-0411,LONGITUDINAL_BEHAVIOR,0.18601212290925737,0.022596141158529204,D0411,21,CARD,6,0.9399236397828402
41,2358.34,Delhi,C0412,4,Fuel|Entertainment,97934,0.0824912645895034,0.5638791376118684,0.7684433843050245,UPI|CARD|NET_BANKING,SCN-002026-0412,LONGITUDINAL_BEHAVIOR,0.18777350131699225,0.040649718244221644,D0412,22,UPI,10,0.9367036227766704
53,4194.52,Delhi,C0413,4,Fuel|Electronics,122057,0.10550196637936356,0.5981143939353794,0.51792732139236,CARD|UPI|NET_BANKING,SCN-002026-0413,KYC_IDENTITY,0.21514253761339158,0.14154007763635304,D0413,22,CARD,10,0.9862066829772249
63,3491.26,Mumbai,C0414,1,Travel|Shopping,143656,0.05126320279495854,0.7537675546559861,0.5679181792788355,UPI|CARD|NET_BANKING,SCN-002026-0414,COMMUNICATION_SCAM,0.34418205115121414,0.21891281375138774,D0414,23,UPI,7,0.7994213961493665
60,2944.58,Pune,C0415,6,Food|Electronics|Entertainment,116315,0.05440970607904137,0.7281709303138386,0.6181253447385877,UPI|CARD|NET_BANKING,SCN-002026-0415,TRANSACTION_ANOMALY,0.31089669993468594,0.027557278006476185,D0415,23,UPI,7,0.9899938521042795
54,3739.69,Hyderabad,C0416,3,Food|Entertainment,119869,0.0810831424888984,0.7280506852153455,0.7133255169249337,CARD|UPI|NET_BANKING,SCN-002026-0416,LONGITUDINAL_BEHAVIOR,0.15764480523447305,0.06749968798511438,D0416,20,CARD,6,1.38130251601469
56,3716.43,Mumbai,C0417,3,Shopping|Electronics,129379,0.06408715496489972,0.5796231946631728,0.6196404067488075,CARD|UPI|NET_BANKING,SCN-002026-0417,COMMUNICATION_SCAM,0.25930377892854156,0.11433946438226601,D0417,22,CARD,9,1.0947288832414215
70,3220.69,Hyderabad,C0418,2,Shopping|Food|Electronics,144556,0.10218201464514126,0.500914907784263,0.36284886445750525,UPI|CARD|NET_BANKING,SCN-002026-0418,COMMUNICATION_SCAM,0.2684016229107933,0.19824609104392718,D0418,23,UPI,7,1.4851269540166678
25,1229.35,Pune,C0419,1,Fuel|Electronics,52290,0.0675720871071188,0.5427003492783906,0.6290105451729548,CARD|UPI|NET_BANKING,SCN-002026-0419,LONGITUDINAL_BEHAVIOR,0.1772577052189452,0.2429684149621521,D0419,22,CARD,7,1.3483194373582197
31,3402.64,Mumbai,C0420,2,Food|Shopping|Entertainment,110300,0.057044691358500405,0.8757918521053745,0.561212741632279,CARD|UPI|NET_BANKING,SCN-002026-0420,CLASSIFIER_EVALUATION,0.28306543263510525,0.21288112980810944,D0420,23,CARD,10,0.7476134368171562
67,2742.15,Mumbai,C0421,6,Shopping|Fuel|Food,119994,0.043780237240622334,0.7313615744995778,0.24269664504108143,UPI|CARD|NET_BANKING,SCN-002026-0421,COMMUNICATION_SCAM,0.19414502419628737,0.04490752743092002,D0421,23,UPI,7,0.9336641522025234
69,3800.88,Mumbai,C0422,2,Electronics|Food,124391,0.06916176868002935,0.6698216186880366,0.6118795495250959,UPI|CARD|NET_BANKING,SCN-002026-0422,CLASSIFIER_EVALUATION,0.3366745003662944,0.15681182158383314,D0422,21,UPI,10,1.3207061994349298
47,2285.47,Delhi,C0423,3,Fuel|Entertainment,96445,0.09440460701552418,0.7810878428826589,0.39271814421791795,CARD|UPI|NET_BANKING,SCN-002026-0423,COMMUNICATION_SCAM,0.1590935035765262,0.06977347841499842,D0423,23,CARD,10,1.2862873187207622
61,2866.47,Delhi,C0424,4,Fuel|Electronics,127781,0.058010445466662064,0.8293332779033368,0.44921944110481704,UPI|CARD|NET_BANKING,SCN-002026-0424,CLASSIFIER_EVALUATION,0.12001102190302103,0.1971203250565208,D0424,20,UPI,7,1.4613793520549598
25,1934.17,Bangalore,C0425,4,Electronics|Shopping,59055,0.11492721183165952,0.7152665090254158,0.5900954720641867,UPI|CARD|NET_BANKING,SCN-002026-0425,TRANSACTION_ANOMALY,0.3473012927233175,0.11651445881039718,D0425,22,UPI,9,0.8591889661365756
41,2562.77,Hyderabad,C0426,1,Electronics|Fuel,75992,0.05906179844229015,0.7270809718544569,0.6647129037712245,CARD|UPI|NET_BANKING,SCN-002026-0426,KYC_IDENTITY,0.31858211831709,0.24075608638345822,D0426,23,CARD,9,1.4509680542577783
25,2219.22,Hyderabad,C0427,1,Entertainment|Travel,71734,0.09304583748315876,0.6786157560158292,0.666583286556861,UPI|CARD|NET_BANKING,SCN-002026-0427,COMMUNICATION_SCAM,0.14142075357484338,0.14490420753178349,D0427,21,UPI,6,1.0795858119073887
48,3136.81,Pune,C0428,1,Fuel|Travel,90463,0.03938260190176461,0.8448768520782981,0.2491213243913979,CARD|UPI|NET_BANKING,SCN-002026-0428,KYC_IDENTITY,0.22269237247835427,0.035707995352491265,D0428,20,CARD,9,1.4417873285465896
66,3829.96,Hyderabad,C0429,3,Shopping|Food,142732,0.06803588386570945,0.6503142217923698,0.5614004511910867,CARD|UPI|NET_BANKING,SCN-002026-0429,TRANSACTION_ANOMALY,0.2241984848119677,0.12739130111869165,D0429,23,CARD,9,0.7369674166621274
49,3011.77,Mumbai,C0430,1,Electronics|Travel,99101,0.021118263737151137,0.6289920074844069,0.34112924699616787,CARD|UPI|NET_BANKING,SCN-002026-0430,TRANSACTION_ANOMALY,0.23921423181646692,0.12639922217774252,D0430,22,CARD,9,0.7339696344968993
23,1896.03,Delhi,C0431,1,Travel|Fuel|Entertainment,74956,0.0725239372397393,0.8556331846272099,0.4443924179020968,CARD|UPI|NET_BANKING,SCN-002026-0431,TRANSACTION_ANOMALY,0.25809132034649274,0.07383404738600474,D0431,22,CARD,8,1.0540968106375306
31,2778.65,Pune,C0432,1,Electronics|Food,80045,0.0323404189407355,0.8434008921317446,0.6405279254325179,UPI|CARD|NET_BANKING,SCN-002026-0432,TRANSACTION_ANOMALY,0.3069439182264447,0.24409676924558915,D0432,20,UPI,8,1.4985582759259506
24,1907.87,Bangalore,C0433,1,Electronics|Entertainment,55767,0.032979421389386025,0.7490674408995232,0.4258398282181631,UPI|CARD|NET_BANKING,SCN-002026-0433,COMMUNICATION_SCAM,0.15470623588057195,0.215080518492109,D0433,22,UPI,7,0.8584790764673081
35,3910.77,Pune,C0434,4,Travel|Entertainment,125489,0.08428199912051283,0.469884785951046,0.35935546152177833,NET_BANKING|UPI|CARD,SCN-002026-0434,CLASSIFIER_EVALUATION,0.28061316689166665,0.08962203704437847,D0434,23,NET_BANKING,8,1.4666975421619721
63,4375.06,Hyderabad,C0435,4,Travel|Fuel,137500,0.09650071174455503,0.7381332453039984,0.6862034997875968,CARD|UPI|NET_BANKING,SCN-002026-0435,CLASSIFIER_EVALUATION,0.2839761702456796,0.2236582308661848,D0435,20,CARD,6,1.248977252580835
58,2854.02,Bangalore,C0436,2,Shopping|Travel,107212,0.048535772248098234,0.7332159152345092,0.34381716965614906,CARD|UPI|NET_BANKING,SCN-002026-0436,TRANSACTION_ANOMALY,0.2886137038669865,0.23383857788120282,D0436,21,CARD,8,1.4945668172138558
57,3605.66,Hyderabad,C0437,3,Travel|Fuel|Electronics,122018,0.05767903975168656,0.8250781091463972,0.7237908811276437,UPI|CARD|NET_BANKING,SCN-002026-0437,TRANSACTION_ANOMALY,0.1230437240569021,0.19794507282173057,D0437,21,UPI,7,0.8573009815338489
50,3219.14,Mumbai,C0438,4,Travel|Shopping,113894,0.11002012150299303,0.49762433069704376,0.3286080494091327,UPI|CARD|NET_BANKING,SCN-002026-0438,CLASSIFIER_EVALUATION,0.15592827591477404,0.1240151725360557,D0438,21,UPI,9,0.9874455051455471
35,2344.27,Delhi,C0439,4,Entertainment|Electronics,98968,0.02224716185548134,0.5504118212757334,0.4893169341029327,CARD|UPI|NET_BANKING,SCN-002026-0439,COMMUNICATION_SCAM,0.3030439945098425,0.10445368015981824,D0439,20,CARD,10,0.8912362264695233
23,2115.67,Delhi,C0440,1,Fuel|Travel,71375,0.047559042979131265,0.7787153879170529,0.3661126775859258,NET_BANKING|UPI|CARD,SCN-002026-0440,COMMUNICATION_SCAM,0.21448165609738606,0.14181262903656294,D0440,21,NET_BANKING,6,0.7312922386198046
58,3096.3,Mumbai,C0441,1,Entertainment|Electronics,126429,0.09675626264435215,0.8361550144327097,0.5929226677572047,CARD|UPI|NET_BANKING,SCN-002026-0441,CLASSIFIER_EVALUATION,0.27787021139005463,0.2375642589287178,D0441,21,CARD,9,1.1342055455919975
49,2556.09,Pune,C0442,3,Electronics|Shopping,97271,0.07362624274781485,0.5140370190173773,0.4679885134832431,UPI|CARD|NET_BANKING,SCN-002026-0442,TRANSACTION_ANOMALY,0.14427871954696447,0.2326769746717772,D0442,21,UPI,9,1.243901861446174
63,3509.15,Delhi,C0443,4,Travel|Fuel,129547,0.10714693262884915,0.6491251108010793,0.34113241744939216,UPI|CARD|NET_BANKING,SCN-002026-0443,LONGITUDINAL_BEHAVIOR,0.16971061871040646,0.08314899530353642,D0443,23,UPI,6,1.3911637741711906
65,4722.71,Bangalore,C0444,4,Entertainment|Fuel|Electronics,142837,0.022843712887316618,0.8363611993007561,0.7719986436858639,UPI|CARD|NET_BANKING,SCN-002026-0444,TRANSACTION_ANOMALY,0.2902850865388513,0.09411773984207894,D0444,22,UPI,6,0.7179772053946332
67,2667.32,Pune,C0445,1,Shopping|Entertainment|Fuel,108608,0.04353111136633059,0.795336050011848,0.338464234036249,UPI|CARD|NET_BANKING,SCN-002026-0445,KYC_IDENTITY,0.2679029080120663,0.19008059239683792,D0445,22,UPI,7,1.2602393056475654
42,2803.02,Delhi,C0446,1,Electronics|Shopping,93604,0.030183797502444525,0.685857965493595,0.42217821167775504,CARD|UPI|NET_BANKING,SCN-002026-0446,TRANSACTION_ANOMALY,0.22599097052657718,0.07084775933411326,D0446,21,CARD,10,0.9076459439425868
42,2379.61,Mumbai,C0447,4,Food|Travel,92764,0.040373143205246834,0.454530668776539,0.7747742890613849,UPI|CARD|NET_BANKING,SCN-002026-0447,CLASSIFIER_EVALUATION,0.32469915105303593,0.16321488984050259,D0447,23,UPI,6,1.4899067845744018
59,4503.21,Pune,C0448,2,Electronics|Shopping,126748,0.04531544924965489,0.8156293118889735,0.24750863499476175,CARD|UPI|NET_BANKING,SCN-002026-0448,COMMUNICATION_SCAM,0.13665481578520172,0.16094999968511753,D0448,23,CARD,7,1.2443088653945367
25,2630.39,Delhi,C0449,2,Shopping|Fuel,76161,0.08894725489269305,0.8778518013945973,0.7256239448494208,CARD|UPI|NET_BANKING,SCN-002026-0449,TRANSACTION_ANOMALY,0.17900844268124058,0.1262767000317811,D0449,22,CARD,9,1.1921088918378844
69,3396.0,Pune,C0450,5,Food|Electronics,123049,0.046740025139728136,0.8849555585573354,0.6109977632057463,UPI|CARD|NET_BANKING,SCN-002026-0450,CLASSIFIER_EVALUATION,0.3397308396122315,0.10946664675558482,D0450,20,UPI,9,1.0130370603714387
47,2845.38,Bangalore,C0451,5,Fuel|Entertainment,126819,0.08725636033419334,0.7755994466682469,0.6812697521899113,UPI|CARD|NET_BANKING,SCN-002026-0451,TRANSACTION_ANOMALY,0.1949534148303096,0.24902839955034786,D0451,20,UPI,9,1.0297178153064146
31,2008.51,Pune,C0452,1,Travel|Electronics,71934,0.02596422552047784,0.6997414172398562,0.3696332248665339,UPI|CARD|NET_BANKING,SCN-002026-0452,COMMUNICATION_SCAM,0.2957842790408591,0.126393824033059,D0452,20,UPI,10,0.7813585622455839
62,3966.05,Hyderabad,C0453,2,Travel|Food,118808,0.08306052903711651,0.6021508175341381,0.7218705046086455,UPI|CARD|NET_BANKING,SCN-002026-0453,LONGITUDINAL_BEHAVIOR,0.3449666447033282,0.07396491417185573,D0453,23,UPI,8,0.7972438545104067
45,3365.76,Delhi,C0454,1,Shopping|Food,102944,0.04666699896270693,0.58334811368119,0.6151056702169156,CARD|UPI|NET_BANKING,SCN-002026-0454,CLASSIFIER_EVALUATION,0.26652591701463857,0.17330647878674887,D0454,23,CARD,9,1.3483855048103994
56,3049.17,Mumbai,C0455,3,Electronics|Fuel|Shopping,99540,0.08333048960565766,0.6596890942744771,0.7160507057701821,UPI|CARD|NET_BANKING,SCN-002026-0455,COMMUNICATION_SCAM,0.2646811127919525,0.17989231243735215,D0455,20,UPI,6,1.3963538523729806
36,1870.62,Delhi,C0456,1,Food|Electronics,83995,0.10129554037892194,0.7750445707977409,0.4225112839010548,CARD|UPI|NET_BANKING,SCN-002026-0456,KYC_IDENTITY,0.2987421260106733,0.213785102711675,D0456,20,CARD,9,1.3238192647918907
54,3000.17,Bangalore,C0457,5,Travel|Fuel|Electronics,132467,0.07189970204989109,0.6855236973454357,0.4407139033344183,CARD|UPI|NET_BANKING,SCN-002026-0457,CLASSIFIER_EVALUATION,0.34475593969896434,0.2116520886781607,D0457,20,CARD,7,1.433671422580415
64,4057.92,Hyderabad,C0458,4,Travel|Entertainment,117463,0.03927497393321336,0.7625715168496044,0.6251356955676779,CARD|UPI|NET_BANKING,SCN-002026-0458,CLASSIFIER_EVALUATION,0.2703466768867486,0.16297266821711887,D0458,22,CARD,8,1.236145184537369
33,2820.93,Bangalore,C0459,1,Fuel|Entertainment|Electronics,94690,0.0319672881365513,0.6901182828598994,0.38698657845392775,UPI|CARD|NET_BANKING,SCN-002026-0459,TRANSACTION_ANOMALY,0.28651102987734695,0.09957252174849347,D0459,20,UPI,9,1.111524247261473
51,3142.24,Pune,C0460,4,Travel|Entertainment,125135,0.0708797374386529,0.6556134973061235,0.5243110829642059,CARD|UPI|NET_BANKING,SCN-002026-0460,LONGITUDINAL_BEHAVIOR,0.22257843597048554,0.10284430440230172,D0460,21,CARD,7,0.7999403721389337
27,2106.58,Bangalore,C0461,2,Electronics|Fuel,67741,0.08849672548934583,0.5929444930369812,0.5648435204863669,UPI|CARD|NET_BANKING,SCN-002026-0461,TRANSACTION_ANOMALY,0.220288103679253,0.02776155827381986,D0461,20,UPI,7,1.3949135344317416
33,2236.84,Delhi,C0462,3,Travel|Entertainment|Food,92039,0.0678884662904186,0.8583531031372085,0.3325409584293666,CARD|UPI|NET_BANKING,SCN-002026-0462,COMMUNICATION_SCAM,0.22281021336220308,0.03153788204726674,D0462,23,CARD,8,1.2426662530803427
25,2112.22,Delhi,C0463,1,Travel|Fuel,89889,0.034878360219214824,0.8258559675449098,0.518896510317431,CARD|UPI|NET_BANKING,SCN-002026-0463,LONGITUDINAL_BEHAVIOR,0.19100993404745747,0.05937617337183411,D0463,22,CARD,6,1.2921204613008634
40,2742.07,Hyderabad,C0464,2,Fuel|Shopping|Entertainment,92098,0.03378313051339998,0.537536124341508,0.7484939983164425,CARD|UPI|NET_BANKING,SCN-002026-0464,CLASSIFIER_EVALUATION,0.23409712649597095,0.027660350938629237,D0464,20,CARD,6,0.8693312183059502
37,1641.52,Mumbai,C0465,3,Entertainment|Food|Fuel,70987,0.08109405394732085,0.6689244840257454,0.5455667145314169,CARD|UPI|NET_BANKING,SCN-002026-0465,CLASSIFIER_EVALUATION,0.16930917817992466,0.11827656451587018,D0465,20,CARD,9,1.368130648669953
60,3703.53,Delhi,C0466,3,Food|Travel,133503,0.037601714080595774,0.5765742880969206,0.6765382016728162,UPI|CARD|NET_BANKING,SCN-002026-0466,KYC_IDENTITY,0.19260529889054734,0.1703897129311115,D0466,22,UPI,6,1.2104790521240467
25,1704.14,Hyderabad,C0467,1,Travel|Shopping|Fuel,67972,0.08883742661806696,0.6509711416642185,0.698544680858093,CARD|UPI|NET_BANKING,SCN-002026-0467,CLASSIFIER_EVALUATION,0.19498531882597403,0.12659932216655784,D0467,22,CARD,8,0.9240918813362261
47,2569.04,Pune,C0468,5,Fuel|Food,101525,0.05365671587283151,0.7990092033031816,0.4060990909959318,CARD|UPI|NET_BANKING,SCN-002026-0468,TRANSACTION_ANOMALY,0.33399451175581457,0.08029876969866831,D0468,23,CARD,10,1.1295517636833432
69,3639.65,Pune,C0469,2,Travel|Shopping,152091,0.05061266684013423,0.5070711936625993,0.27210269720035446,CARD|UPI|NET_BANKING,SCN-002026-0469,COMMUNICATION_SCAM,0.24751271637319205,0.11518106847610068,D0469,23,CARD,8,1.4332675672811335
19,1476.28,Mumbai,C0470,1,Fuel|Food|Electronics,58347,0.11797648446813172,0.6407601989044669,0.788567738517775,UPI|CARD|NET_BANKING,SCN-002026-0470,CLASSIFIER_EVALUATION,0.19353415548689637,0.05018111701496912,D0470,23,UPI,9,1.1483818340645033
60,3189.3,Pune,C0471,3,Food|Fuel|Shopping,141716,0.0962686866591955,0.7407152423236034,0.6568700282010749,UPI|CARD|NET_BANKING,SCN-002026-0471,LONGITUDINAL_BEHAVIOR,0.19809543392028667,0.2475473811330373,D0471,22,UPI,7,1.230076439971655
63,3161.66,Bangalore,C0472,1,Electronics|Food,115293,0.02041736959841775,0.5403873310497823,0.7713213816679436,UPI|CARD|NET_BANKING,SCN-002026-0472,TRANSACTION_ANOMALY,0.3086196775834872,0.17267703873345716,D0472,21,UPI,7,1.3353240105563189
42,3092.94,Mumbai,C0473,4,Shopping|Travel,115268,0.031246030467658396,0.7181310334026809,0.3224070780414109,CARD|UPI|NET_BANKING,SCN-002026-0473,COMMUNICATION_SCAM,0.22795461722090662,0.11822425298850643,D0473,23,CARD,7,0.7154781852888035
54,3539.35,Mumbai,C0474,5,Shopping|Food,116888,0.04305739751351598,0.5213610389418917,0.46425988208514823,UPI|CARD|NET_BANKING,SCN-002026-0474,LONGITUDINAL_BEHAVIOR,0.2009640086617821,0.039262926490012236,D0474,21,UPI,9,1.3797375140694772
19,1556.67,Hyderabad,C0475,4,Food|Travel,57898,0.021292140087957327,0.5055892461080056,0.7891203636061415,UPI|CARD|NET_BANKING,SCN-002026-0475,TRANSACTION_ANOMALY,0.13735251370012,0.17487550529808643,D0475,22,UPI,7,1.0577659928175402
67,3740.17,Hyderabad,C0476,2,Travel|Fuel,132399,0.07493151042110428,0.5149443401478032,0.20651668986453697,UPI|CARD|NET_BANKING,SCN-002026-0476,CLASSIFIER_EVALUATION,0.12122270068284338,0.1852412181443045,D0476,20,UPI,8,0.731375694657161
61,3293.78,Mumbai,C0477,2,Travel|Fuel|Food,127291,0.07338651311702094,0.7197527217995083,0.3664946564436221,UPI|CARD|NET_BANKING,SCN-002026-0477,COMMUNICATION_SCAM,0.3493142031283074,0.18145937240128454,D0477,20,UPI,8,0.7752109850955097
43,2739.38,Hyderabad,C0478,3,Travel|Electronics|Shopping,95210,0.07470699520092525,0.7756828943759126,0.4920612187987085,NET_BANKING|UPI|CARD,SCN-002026-0478,LONGITUDINAL_BEHAVIOR,0.25294157451852234,0.17505507649375068,D0478,21,NET_BANKING,6,1.4406782668799645
26,2112.11,Hyderabad,C0479,2,Shopping|Fuel,62424,0.11175405337154465,0.6312460268690275,0.4877995744608554,UPI|CARD|NET_BANKING,SCN-002026-0479,LONGITUDINAL_BEHAVIOR,0.2810456489825143,0.06105333376419099,D0479,20,UPI,8,1.26337413688494
55,2567.81,Pune,C0480,3,Travel|Fuel,108501,0.10424611710252027,0.5050981491751234,0.26668061579011476,UPI|CARD|NET_BANKING,SCN-002026-0480,CLASSIFIER_EVALUATION,0.12021602391706841,0.09894986881044619,D0480,23,UPI,6,0.9395807850194142
53,3302.09,Mumbai,C0481,1,Travel|Electronics,115697,0.08147369160632936,0.6708285591344243,0.6044861508238106,UPI|CARD|NET_BANKING,SCN-002026-0481,TRANSACTION_ANOMALY,0.13859835534486384,0.11556450359037966,D0481,22,UPI,6,1.2347630212589542
56,2694.89,Pune,C0482,4,Travel|Shopping|Electronics,105545,0.09458175329909761,0.8403187329026109,0.7202509857521584,NET_BANKING|UPI|CARD,SCN-002026-0482,TRANSACTION_ANOMALY,0.17129202025768492,0.055140036394631664,D0482,22,NET_BANKING,10,1.0207246644088297
31,1527.75,Bangalore,C0483,1,Electronics|Fuel,60977,0.025453434620878228,0.665663977000631,0.5578832054387415,UPI|CARD|NET_BANKING,SCN-002026-0483,CLASSIFIER_EVALUATION,0.15398096210629889,0.13574440689978892,D0483,20,UPI,6,1.0181454980764704
25,972.11,Bangalore,C0484,1,Travel|Food|Fuel,38535,0.0341458366202473,0.6672278804124562,0.5960727019254971,CARD|UPI|NET_BANKING,SCN-002026-0484,TRANSACTION_ANOMALY,0.17901362844465957,0.09747294806215905,D0484,20,CARD,9,1.083537380107867
26,1465.79,Pune,C0485,3,Shopping|Travel|Food,61956,0.060856068658983534,0.7177283907695463,0.5861629679075,UPI|CARD|NET_BANKING,SCN-002026-0485,CLASSIFIER_EVALUATION,0.16237362646034736,0.13989399908342198,D0485,20,UPI,7,1.1282436489134358
47,3069.49,Delhi,C0486,3,Travel|Fuel,103096,0.04079108032243221,0.53120388543444,0.24180442043248784,CARD|UPI|NET_BANKING,SCN-002026-0486,COMMUNICATION_SCAM,0.18651857421505547,0.2028304892343488,D0486,20,CARD,9,0.86844536900102
66,2974.86,Delhi,C0487,4,Fuel|Electronics,130945,0.08982515805573087,0.6386212892381626,0.7157239321188547,UPI|CARD|NET_BANKING,SCN-002026-0487,COMMUNICATION_SCAM,0.16804525337625192,0.20479892746365563,D0487,20,UPI,7,1.028465154808877
56,2739.0,Pune,C0488,1,Food|Shopping,115247,0.04535658140443508,0.5588148367005182,0.3334403308876334,UPI|CARD|NET_BANKING,SCN-002026-0488,CLASSIFIER_EVALUATION,0.16031164965703168,0.17565981383168777,D0488,23,UPI,7,1.007174071758632
24,2268.26,Delhi,C0489,1,Electronics|Entertainment|Travel,65213,0.06917141213606541,0.7449648800613046,0.41174448040890504,UPI|CARD|NET_BANKING,SCN-002026-0489,KYC_IDENTITY,0.2803777341303607,0.1600853635142303,D0489,21,UPI,7,1.013383187041488
53,3711.48,Mumbai,C0490,2,Travel|Shopping,106213,0.05460429416331812,0.6613661082463872,0.6823073246053657,UPI|CARD|NET_BANKING,SCN-002026-0490,KYC_IDENTITY,0.2826504984840642,0.06165340994152027,D0490,20,UPI,10,1.2761386534348511
22,1576.9,Mumbai,C0491,3,Shopping|Entertainment|Travel,63477,0.027610409345942482,0.6295942809157404,0.3041642264605903,CARD|UPI|NET_BANKING,SCN-002026-0491,CLASSIFIER_EVALUATION,0.13877249064427183,0.1401059152287047,D0491,22,CARD,10,1.4775074780420698
39,2688.14,Pune,C0492,1,Entertainment|Fuel,100028,0.11986735538669839,0.46601261671326283,0.2236235463459962,CARD|UPI|NET_BANKING,SCN-002026-0492,KYC_IDENTITY,0.27937065317154336,0.06163050626503705,D0492,23,CARD,7,0.9645254787794133
22,2776.91,Pune,C0493,1,Food|Shopping,89185,0.03538129248937625,0.8121705017245737,0.2874126875312913,CARD|UPI|NET_BANKING,SCN-002026-0493,CLASSIFIER_EVALUATION,0.17528964688083265,0.12999700795290997,D0493,23,CARD,7,1.4602484344970827
29,2599.46,Hyderabad,C0494,1,Travel|Food,77297,0.11456909184191862,0.7498301589237215,0.6036610628760621,UPI|CARD|NET_BANKING,SCN-002026-0494,KYC_IDENTITY,0.25234239432656014,0.026872314938637294,D0494,22,UPI,9,0.732545496037756
48,3402.58,Pune,C0495,3,Entertainment|Shopping,101656,0.11741028715107286,0.6941480863236081,0.6829386763171418,CARD|UPI|NET_BANKING,SCN-002026-0495,CLASSIFIER_EVALUATION,0.3476684159408008,0.2475731156234715,D0495,21,CARD,9,1.3304126824968305
32,2745.47,Pune,C0496,3,Entertainment|Fuel|Shopping,100024,0.1162112141673087,0.8907099523056385,0.2957482680380679,CARD|UPI|NET_BANKING,SCN-002026-0496,CLASSIFIER_EVALUATION,0.21439345859333292,0.12710428339269822,D0496,20,CARD,6,0.9021196899480686
67,4409.24,Hyderabad,C0497,5,Entertainment|Travel,139105,0.04297751228016727,0.5176134172056137,0.709861526610766,CARD|UPI|NET_BANKING,SCN-002026-0497,COMMUNICATION_SCAM,0.16994583475256778,0.19502738328004574,D0497,21,CARD,10,0.7574722365533958
49,2627.85,Bangalore,C0498,4,Food|Shopping,92444,0.10318154715364217,0.7708849252424199,0.7849873313026474,NET_BANKING|UPI|CARD,SCN-002026-0498,LONGITUDINAL_BEHAVIOR,0.20320198050073585,0.16945972912721094,D0498,20,NET_BANKING,8,0.7678090378474811
30,2268.45,Hyderabad,C0499,6,Food|Fuel|Entertainment,93825,0.09342543829752907,0.46065403500081936,0.6125481339314301,UPI|CARD|NET_BANKING,SCN-002026-0499,TRANSACTION_ANOMALY,0.24698400076197996,0.2458327632397173,D0499,21,UPI,9,1.491846522057525
40,3599.44,Mumbai,C0500,3,Shopping|Food|Entertainment,112955,0.0914358108065358,0.45705757348447157,0.7340427923926476,UPI|CARD|NET_BANKING,SCN-002026-0500,LONGITUDINAL_BEHAVIOR,0.20581911796114982,0.10524736069287982,D0500,20,UPI,7,1.3142804419517304
62,3326.47,Bangalore,C0501,1,Electronics|Travel|Entertainment,108504,0.10976960729839512,0.4527354403233475,0.742959605415795,UPI|CARD|NET_BANKING,SCN-002026-0501,TRANSACTION_ANOMALY,0.14502144379918036,0.044822978755067515,D0501,20,UPI,8,0.9948215504729385
37,1372.34,Bangalore,C0502,1,Shopping|Food,53504,0.05647900016823937,0.7048465180606892,0.7929602160819695,CARD|UPI|NET_BANKING,SCN-002026-0502,CLASSIFIER_EVALUATION,0.32498350607147136,0.2063378552984714,D0502,20,CARD,8,1.2861980124592503
46,2188.79,Pune,C0503,4,Fuel|Shopping,92575,0.027412548593600164,0.7147202290106016,0.6068607854482704,CARD|UPI|NET_BANKING,SCN-002026-0503,LONGITUDINAL_BEHAVIOR,0.16050770228617448,0.11105433105630946,D0503,20,CARD,9,1.2440988701624505
19,1330.19,Pune,C0504,1,Shopping|Travel,55422,0.062773520277557,0.5514799404599735,0.7931275355639771,UPI|CARD|NET_BANKING,SCN-002026-0504,KYC_IDENTITY,0.1633654661132134,0.18452253906942842,D0504,22,UPI,10,1.2981386821180436
57,3453.14,Mumbai,C0505,3,Fuel|Food,119608,0.028389164714175023,0.5107542421929597,0.7640662349111385,CARD|UPI|NET_BANKING,SCN-002026-0505,KYC_IDENTITY,0.3380513537940216,0.21730070340741708,D0505,22,CARD,10,1.1410707154335795
70,4687.3,Hyderabad,C0506,5,Food|Entertainment,147600,0.0894510181613061,0.8970944876724929,0.45491150194050545,UPI|CARD|NET_BANKING,SCN-002026-0506,COMMUNICATION_SCAM,0.17847872095893969,0.05390882622546875,D0506,22,UPI,10,1.3778869912982066
65,3366.31,Pune,C0507,3,Travel|Entertainment|Electronics,142806,0.02367210590314063,0.819767484935932,0.545592673686911,NET_BANKING|UPI|CARD,SCN-002026-0507,KYC_IDENTITY,0.1262084373495608,0.12965291280876148,D0507,22,NET_BANKING,9,1.0455495712614324
43,3526.5,Mumbai,C0508,3,Electronics|Shopping|Entertainment,113435,0.11479344697803902,0.5412607958917747,0.443174268683329,CARD|UPI|NET_BANKING,SCN-002026-0508,LONGITUDINAL_BEHAVIOR,0.15599724248397495,0.12355878353197222,D0508,22,CARD,9,1.061635911949533
47,3467.91,Mumbai,C0509,3,Shopping|Entertainment|Fuel,102879,0.0683311223612379,0.49971283905927594,0.7866763633550109,NET_BANKING|UPI|CARD,SCN-002026-0509,CLASSIFIER_EVALUATION,0.2612464322448071,0.04696136756490425,D0509,21,NET_BANKING,6,0.822606542299801
35,2082.63,Delhi,C0510,2,Entertainment|Fuel,89349,0.051686343501424786,0.8309645174579661,0.6090762293141736,CARD|UPI|NET_BANKING,SCN-002026-0510,KYC_IDENTITY,0.2727474293255697,0.2369198652149703,D0510,22,CARD,7,0.942816935196908
35,2188.38,Bangalore,C0511,2,Shopping|Food,85884,0.11993330897109387,0.46697378747090085,0.30532690341605806,NET_BANKING|UPI|CARD,SCN-002026-0511,COMMUNICATION_SCAM,0.21798407330571806,0.12611974085924732,D0511,21,NET_BANKING,8,1.145541493230405
32,2265.09,Delhi,C0512,3,Food|Entertainment,84288,0.020036468378013875,0.7054744338666974,0.29552068951031235,UPI|CARD|NET_BANKING,SCN-002026-0512,COMMUNICATION_SCAM,0.27580869698825594,0.13811075698857458,D0512,23,UPI,8,1.4760255978712822
62,3692.7,Bangalore,C0513,6,Entertainment|Fuel,134435,0.04512675219386936,0.6642159803759053,0.2636201881426652,CARD|UPI|NET_BANKING,SCN-002026-0513,KYC_IDENTITY,0.12372339483385526,0.12836488473424207,D0513,20,CARD,7,0.7705986280992851
59,2631.34,Mumbai,C0514,2,Food|Entertainment,107804,0.054351810898396136,0.805112408508396,0.6671471700363885,NET_BANKING|UPI|CARD,SCN-002026-0514,COMMUNICATION_SCAM,0.1493603175315426,0.20123102415656394,D0514,23,NET_BANKING,8,0.8273484067622365
39,2111.57,Hyderabad,C0515,2,Shopping|Electronics,90384,0.09002515494266335,0.7493129265709838,0.5925732430380648,UPI|CARD|NET_BANKING,SCN-002026-0515,COMMUNICATION_SCAM,0.24570799988676942,0.1514595609381128,D0515,23,UPI,7,1.076933669906282
50,3720.63,Bangalore,C0516,4,Travel|Electronics,117337,0.03617867602397591,0.772789848477156,0.42416932790470224,UPI|CARD|NET_BANKING,SCN-002026-0516,COMMUNICATION_SCAM,0.15375677175679256,0.20960301773530807,D0516,23,UPI,7,1.396671351489166
45,3588.37,Delhi,C0517,2,Fuel|Entertainment|Food,109007,0.08668781454109288,0.6075311467938439,0.5733582964801083,UPI|CARD|NET_BANKING,SCN-002026-0517,LONGITUDINAL_BEHAVIOR,0.28266497284917413,0.21254770667934875,D0517,20,UPI,10,1.3808094074572317
46,2124.24,Delhi,C0518,2,Entertainment|Shopping|Electronics,94817,0.10459351982702983,0.8589231933138778,0.5915652285612976,CARD|UPI|NET_BANKING,SCN-002026-0518,CLASSIFIER_EVALUATION,0.12087347531015154,0.14598991962662453,D0518,21,CARD,10,1.1112407318695279
31,1724.08,Delhi,C0519,3,Fuel|Food,77243,0.06201512373587767,0.5155268146670843,0.42231211211800024,CARD|UPI|NET_BANKING,SCN-002026-0519,LONGITUDINAL_BEHAVIOR,0.14084738527512572,0.09997798975685863,D0519,23,CARD,10,0.8121479919206368
38,2078.73,Delhi,C0520,1,Entertainment|Food,84329,0.08283244924807466,0.6980679724309287,0.33961110364319624,UPI|CARD|NET_BANKING,SCN-002026-0520,TRANSACTION_ANOMALY,0.1308148845721334,0.07770019985361881,D0520,22,UPI,7,1.1190455291172348
65,3578.65,Hyderabad,C0521,5,Electronics|Food,121638,0.11660150937553956,0.5272518810044785,0.6543662324714463,NET_BANKING|UPI|CARD,SCN-002026-0521,COMMUNICATION_SCAM,0.1845039373026966,0.06463985567028152,D0521,23,NET_BANKING,9,1.1451265935882162
39,1960.08,Pune,C0522,4,Fuel|Entertainment,68775,0.0800635856442039,0.5993678764648284,0.32309172417444454,CARD|UPI|NET_BANKING,SCN-002026-0522,LONGITUDINAL_BEHAVIOR,0.23555596717772662,0.21617976906448672,D0522,23,CARD,6,0.8883939528091718
47,2267.98,Delhi,C0523,3,Fuel|Electronics|Travel,84708,0.09820321310421433,0.6954107395837882,0.32559549175773855,CARD|UPI|NET_BANKING,SCN-002026-0523,CLASSIFIER_EVALUATION,0.3012742886081565,0.08010594224773611,D0523,23,CARD,9,1.4538806783222165
23,2415.94,Bangalore,C0524,1,Travel|Shopping,92918,0.10549767491687395,0.7025863626515946,0.35364432475187535,CARD|UPI|NET_BANKING,SCN-002026-0524,COMMUNICATION_SCAM,0.21837469643311697,0.09352758859459438,D0524,20,CARD,7,0.830774941668965
54,3584.83,Pune,C0525,1,Fuel|Travel,131423,0.042460811286977054,0.6786959266071945,0.38870299108095374,CARD|UPI|NET_BANKING,SCN-002026-0525,CLASSIFIER_EVALUATION,0.17889567956446548,0.19607571039964244,D0525,20,CARD,8,1.2273515791626215
46,3182.56,Pune,C0526,3,Food|Travel,92377,0.1090204746368765,0.48572568083719647,0.3046941633239515,NET_BANKING|UPI|CARD,SCN-002026-0526,CLASSIFIER_EVALUATION,0.2597964009047405,0.15293601860709705,D0526,20,NET_BANKING,9,1.430014520828388
53,3237.79,Mumbai,C0527,3,Travel|Shopping|Electronics,97204,0.11847973532405111,0.8277219351489166,0.3817408662537578,CARD|UPI|NET_BANKING,SCN-002026-0527,COMMUNICATION_SCAM,0.17585658734944795,0.0661604274941698,D0527,22,CARD,7,1.0080432252555418
29,1789.03,Bangalore,C0528,1,Electronics|Food,53352,0.11985941923573891,0.8444731148657765,0.35522881457575517,UPI|CARD|NET_BANKING,SCN-002026-0528,CLASSIFIER_EVALUATION,0.1442248368000015,0.14276388348706445,D0528,23,UPI,10,0.7918500698899825
52,2305.5,Bangalore,C0529,3,Food|Fuel,98578,0.1000430943776465,0.7580303635706482,0.5499380244886153,CARD|UPI|NET_BANKING,SCN-002026-0529,COMMUNICATION_SCAM,0.14838346939621527,0.2000480288934884,D0529,20,CARD,7,1.2198477267181809
56,4248.82,Pune,C0530,4,Shopping|Electronics,120192,0.10954605210210379,0.5420794908371446,0.36453634006743335,CARD|UPI|NET_BANKING,SCN-002026-0530,KYC_IDENTITY,0.15344159148729797,0.028487331594210272,D0530,20,CARD,8,1.3309262818616716
29,2068.08,Pune,C0531,3,Fuel|Travel|Food,86113,0.055313820172869246,0.8237877260099725,0.5420454704395661,UPI|CARD|NET_BANKING,SCN-002026-0531,KYC_IDENTITY,0.1509981413264291,0.08722526008454612,D0531,21,UPI,9,1.3564372806587712
53,3123.03,Bangalore,C0532,2,Entertainment|Shopping|Fuel,129706,0.03530365686474272,0.45981344932768287,0.5002522000731063,CARD|UPI|NET_BANKING,SCN-002026-0532,TRANSACTION_ANOMALY,0.28378409173858765,0.23678577239256393,D0532,23,CARD,8,1.3468616533680753
53,2976.94,Bangalore,C0533,3,Fuel|Entertainment|Electronics,100179,0.06865841628416366,0.8307648743665306,0.28038711180825815,UPI|CARD|NET_BANKING,SCN-002026-0533,CLASSIFIER_EVALUATION,0.3104257505981633,0.19411357143350805,D0533,20,UPI,7,1.0315972793942507
48,2221.43,Mumbai,C0534,2,Entertainment|Travel,91704,0.07089564944636736,0.5730124026075376,0.6520777019312625,UPI|CARD|NET_BANKING,SCN-002026-0534,LONGITUDINAL_BEHAVIOR,0.3478315416183833,0.05076335957284661,D0534,22,UPI,8,1.3555089082111358
23,3441.45,Mumbai,C0535,2,Shopping|Food|Entertainment,103047,0.09418363130046285,0.6172079940008293,0.5424788104920164,NET_BANKING|UPI|CARD,SCN-002026-0535,KYC_IDENTITY,0.16509362726257887,0.11016019861261973,D0535,22,NET_BANKING,8,0.9820490804289503
60,4615.15,Delhi,C0536,3,Electronics|Fuel,135306,0.047842108274443844,0.611785473865609,0.34939177898047347,CARD|UPI|NET_BANKING,SCN-002026-0536,LONGITUDINAL_BEHAVIOR,0.21121856752050025,0.19340791708136684,D0536,21,CARD,7,0.7564190005091267
59,3251.75,Delhi,C0537,4,Fuel|Food,123751,0.03694200116328185,0.6250905471660735,0.341197244968574,NET_BANKING|UPI|CARD,SCN-002026-0537,LONGITUDINAL_BEHAVIOR,0.18828306253086333,0.12388309522853967,D0537,21,NET_BANKING,6,1.4851749865212922
41,2605.05,Bangalore,C0538,1,Entertainment|Food|Fuel,91274,0.1003343886265714,0.7066781485702825,0.42613651306841993,UPI|CARD|NET_BANKING,SCN-002026-0538,CLASSIFIER_EVALUATION,0.19026305066847896,0.14133999555585125,D0538,21,UPI,9,0.9809303516915249
19,1468.83,Pune,C0539,2,Food|Electronics,64473,0.09838704786610301,0.7853490102287365,0.5680039035187789,CARD|UPI|NET_BANKING,SCN-002026-0539,LONGITUDINAL_BEHAVIOR,0.16583229970941168,0.1607414413926537,D0539,23,CARD,8,0.8694428039574551
55,2928.73,Pune,C0540,1,Electronics|Shopping,120592,0.11693770574795208,0.6441309015762362,0.7723588639653367,UPI|CARD|NET_BANKING,SCN-002026-0540,TRANSACTION_ANOMALY,0.2800021130170114,0.12932261472475587,D0540,20,UPI,10,0.9886417252308393
22,1337.07,Mumbai,C0541,2,Entertainment|Electronics,43854,0.07119802743841543,0.8815052927078857,0.43953511986789306,CARD|UPI|NET_BANKING,SCN-002026-0541,LONGITUDINAL_BEHAVIOR,0.3456508293020526,0.09408537551567235,D0541,22,CARD,9,0.8709405008330668
64,3938.41,Mumbai,C0542,4,Food|Entertainment|Shopping,154382,0.041378566029386867,0.8805712519705104,0.31445544538906567,UPI|CARD|NET_BANKING,SCN-002026-0542,COMMUNICATION_SCAM,0.14573528069701897,0.14285758297816836,D0542,23,UPI,7,1.286556886017403
28,1483.21,Pune,C0543,1,Shopping|Electronics,58408,0.050019168720987675,0.5315309877002,0.4588176157265677,CARD|UPI|NET_BANKING,SCN-002026-0543,TRANSACTION_ANOMALY,0.31470460553324586,0.0405142256843085,D0543,23,CARD,10,1.0263797694263288
38,3961.21,Hyderabad,C0544,3,Food|Electronics,123210,0.09143702120761296,0.767333340153864,0.30783962859825437,UPI|CARD|NET_BANKING,SCN-002026-0544,COMMUNICATION_SCAM,0.2992578467159663,0.19679058431293825,D0544,23,UPI,6,1.2433323438399824
48,3537.24,Delhi,C0545,2,Entertainment|Food|Shopping,126701,0.027487603721438995,0.8999902955840589,0.5974165729596089,UPI|CARD|NET_BANKING,SCN-002026-0545,CLASSIFIER_EVALUATION,0.1331491946068862,0.06021281642788451,D0545,20,UPI,6,1.3371993359154628
30,2481.13,Bangalore,C0546,1,Fuel|Electronics,70344,0.10606437968225799,0.701101825629967,0.5280327975817897,NET_BANKING|UPI|CARD,SCN-002026-0546,CLASSIFIER_EVALUATION,0.1479754046709469,0.06426134084314962,D0546,23,NET_BANKING,10,1.1684313280162817
50,2429.14,Delhi,C0547,5,Shopping|Travel,108373,0.11345073318669908,0.5160236438028353,0.501547789254222,NET_BANKING|UPI|CARD,SCN-002026-0547,CLASSIFIER_EVALUATION,0.12459640982907415,0.18852217532241838,D0547,22,NET_BANKING,8,0.7239672127202573
24,2126.68,Hyderabad,C0548,1,Food|Entertainment,93720,0.05403949467513322,0.5162712344423096,0.2852190919280829,UPI|CARD|NET_BANKING,SCN-002026-0548,CLASSIFIER_EVALUATION,0.23066348801582956,0.14802193422484386,D0548,21,UPI,7,1.3010073111688873
38,2132.76,Hyderabad,C0549,2,Fuel|Food,94009,0.10668880175602186,0.8952533048240342,0.5481889364258384,CARD|UPI|NET_BANKING,SCN-002026-0549,COMMUNICATION_SCAM,0.2693657748821705,0.06011269592690313,D0549,23,CARD,6,0.7271613299438702
18,1232.77,Mumbai,C0550,1,Entertainment|Electronics,54644,0.061411866710979396,0.6635896507705258,0.7086866305659867,UPI|CARD|NET_BANKING,SCN-002026-0550,KYC_IDENTITY,0.16705368094820677,0.0992157264649615,D0550,21,UPI,6,0.7225251258494056
49,3712.65,Bangalore,C0551,3,Electronics|Shopping|Entertainment,113404,0.10965433593500942,0.7611932015165885,0.26613481231091607,CARD|UPI|NET_BANKING,SCN-002026-0551,CLASSIFIER_EVALUATION,0.1976251547197186,0.22450100758869573,D0551,23,CARD,6,0.8443693816456985
25,2090.09,Mumbai,C0552,4,Fuel|Shopping,83920,0.06876165406165212,0.8396767565082071,0.2549672560471465,CARD|UPI|NET_BANKING,SCN-002026-0552,COMMUNICATION_SCAM,0.28243646812291423,0.10927393960173258,D0552,21,CARD,7,0.8934020224346484
31,2101.64,Mumbai,C0553,2,Shopping|Food|Travel,74922,0.07956064257738332,0.47747567290881826,0.7380145110061465,CARD|UPI|NET_BANKING,SCN-002026-0553,COMMUNICATION_SCAM,0.17782382537337235,0.04420524840742995,D0553,23,CARD,8,0.7960505898665419
58,2984.45,Mumbai,C0554,4,Fuel|Entertainment|Travel,125323,0.11775125158352347,0.8297193696602945,0.2628730117345099,UPI|CARD|NET_BANKING,SCN-002026-0554,LONGITUDINAL_BEHAVIOR,0.22488466581512354,0.07035311337750191,D0554,21,UPI,10,1.4101227041599687
31,1846.1,Bangalore,C0555,1,Shopping|Fuel,67086,0.0692877471000414,0.6151178617325679,0.33086473113197457,NET_BANKING|UPI|CARD,SCN-002026-0555,KYC_IDENTITY,0.3459296026222618,0.08869393323607015,D0555,23,NET_BANKING,7,1.2438601832218992
37,1848.05,Mumbai,C0556,1,Shopping|Electronics,69603,0.04576824910680606,0.7167320542546338,0.27975311910466066,UPI|CARD|NET_BANKING,SCN-002026-0556,TRANSACTION_ANOMALY,0.15898801275709096,0.2113770869666841,D0556,20,UPI,7,1.1429228128571882
57,2286.62,Bangalore,C0557,1,Travel|Electronics|Shopping,98381,0.11761188161526008,0.7309998844043493,0.4270315005970982,CARD|UPI|NET_BANKING,SCN-002026-0557,KYC_IDENTITY,0.3273060366903745,0.16047543600572314,D0557,20,CARD,9,1.363713756476645
21,1205.6,Hyderabad,C0558,2,Food|Entertainment,48461,0.10603369348803625,0.6593823708294733,0.2547565329909344,CARD|UPI|NET_BANKING,SCN-002026-0558,TRANSACTION_ANOMALY,0.16771743343021925,0.1765645192302936,D0558,22,CARD,9,0.769240646220768
38,3498.25,Bangalore,C0559,2,Electronics|Travel|Entertainment,115141,0.08007059629445036,0.635428237496341,0.5141596441786103,UPI|CARD|NET_BANKING,SCN-002026-0559,COMMUNICATION_SCAM,0.14415367265218584,0.13918357956757438,D0559,21,UPI,10,0.8956967446390586
64,2670.05,Mumbai,C0560,1,Fuel|Shopping,104178,0.11619371890145654,0.539861277068033,0.715938881760595,NET_BANKING|UPI|CARD,SCN-002026-0560,COMMUNICATION_SCAM,0.23463298511297662,0.23587123317750372,D0560,21,NET_BANKING,8,1.3983665714784133
36,1911.14,Mumbai,C0561,1,Entertainment|Fuel|Shopping,78635,0.0622363277374902,0.8587267096164565,0.79963270098465,UPI|CARD|NET_BANKING,SCN-002026-0561,CLASSIFIER_EVALUATION,0.26511032849756144,0.09347158403144268,D0561,22,UPI,10,1.4967063266205618
64,3549.67,Mumbai,C0562,4,Travel|Fuel|Entertainment,126323,0.05056256596121249,0.5896050702945332,0.7536336881589665,NET_BANKING|UPI|CARD,SCN-002026-0562,TRANSACTION_ANOMALY,0.31816268099564704,0.047126471140117976,D0562,22,NET_BANKING,8,1.4695680651180092
27,3096.29,Bangalore,C0563,2,Fuel|Entertainment,98446,0.11490285212097748,0.45098318734434895,0.28894149053996365,CARD|UPI|NET_BANKING,SCN-002026-0563,LONGITUDINAL_BEHAVIOR,0.21260449833820072,0.07106102490843014,D0563,21,CARD,10,1.0417647999915685
44,2579.78,Bangalore,C0564,3,Fuel|Entertainment|Travel,103201,0.02595556924031535,0.46518412674604775,0.2593315998804688,UPI|CARD|NET_BANKING,SCN-002026-0564,CLASSIFIER_EVALUATION,0.26189144932188135,0.17891048347284588,D0564,23,UPI,10,1.3613491432198679
64,4585.97,Delhi,C0565,4,Travel|Fuel,143904,0.06488739811778402,0.7226531760422261,0.6218903484948752,CARD|UPI|NET_BANKING,SCN-002026-0565,LONGITUDINAL_BEHAVIOR,0.33454968084905473,0.23174856747554468,D0565,21,CARD,7,1.2955410941047014
63,3232.04,Pune,C0566,2,Shopping|Fuel,129790,0.11237578207222351,0.5566072097339662,0.3566886636816673,UPI|CARD|NET_BANKING,SCN-002026-0566,TRANSACTION_ANOMALY,0.3093057288157175,0.022975641001851736,D0566,23,UPI,10,1.0637027957771354
34,2143.6,Pune,C0567,1,Fuel|Travel,86302,0.1125669634293945,0.49525756004882393,0.6761873571573609,UPI|CARD|NET_BANKING,SCN-002026-0567,TRANSACTION_ANOMALY,0.2330147427444069,0.06708338629891088,D0567,20,UPI,10,1.1928542208931685
50,2897.3,Delhi,C0568,1,Shopping|Travel,118145,0.03188884276638291,0.5513842760194083,0.5536290979663454,UPI|CARD|NET_BANKING,SCN-002026-0568,TRANSACTION_ANOMALY,0.21008243013436528,0.1498391780577271,D0568,20,UPI,6,1.1487437905252402
30,1935.21,Bangalore,C0569,1,Shopping|Food,83889,0.10598943980668654,0.6402212512512258,0.21716497692323058,CARD|UPI|NET_BANKING,SCN-002026-0569,COMMUNICATION_SCAM,0.2675055815849455,0.19450325977293834,D0569,20,CARD,6,1.4295101258515848
58,4022.44,Mumbai,C0570,5,Electronics|Travel,125579,0.09541764078327027,0.763081251671304,0.45037876833559587,UPI|CARD|NET_BANKING,SCN-002026-0570,COMMUNICATION_SCAM,0.1897072807690164,0.15010851682557133,D0570,22,UPI,10,1.1449435108035406
53,2953.2,Bangalore,C0571,1,Entertainment|Electronics,98468,0.06502080638814861,0.7900304723320872,0.653896460103613,UPI|CARD|NET_BANKING,SCN-002026-0571,KYC_IDENTITY,0.30602224459068306,0.23775778637731612,D0571,20,UPI,6,0.9194878594858471
19,1781.45,Bangalore,C0572,1,Travel|Shopping|Food,77290,0.08111414941711252,0.6686733228572962,0.7550829786579216,UPI|CARD|NET_BANKING,SCN-002026-0572,LONGITUDINAL_BEHAVIOR,0.3335102849121163,0.217114425695758,D0572,23,UPI,9,1.2656785826961048
19,978.55,Hyderabad,C0573,1,Shopping|Fuel|Travel,34765,0.04099062105233012,0.5273248107098154,0.27045533486174167,CARD|UPI|NET_BANKING,SCN-002026-0573,COMMUNICATION_SCAM,0.16233172999831802,0.09372137417875173,D0573,20,CARD,9,1.4511852952918962
50,3281.85,Bangalore,C0574,2,Fuel|Food|Shopping,111087,0.09657227782391509,0.7448638569375983,0.33399115479390357,UPI|CARD|NET_BANKING,SCN-002026-0574,KYC_IDENTITY,0.3125807200766687,0.20387515306013632,D0574,23,UPI,9,1.2854124012045995
52,2622.84,Bangalore,C0575,1,Shopping|Fuel,93729,0.10286884672599354,0.59711387954919,0.4576859823728501,UPI|CARD|NET_BANKING,SCN-002026-0575,COMMUNICATION_SCAM,0.34113133027387055,0.0395666366143583,D0575,23,UPI,7,0.8763257657877523
54,3705.9,Delhi,C0576,3,Travel|Shopping|Electronics,112103,0.04398544148797451,0.6297260529823133,0.6516038168097977,CARD|UPI|NET_BANKING,SCN-002026-0576,LONGITUDINAL_BEHAVIOR,0.13358761397806432,0.04377199875476458,D0576,22,CARD,7,0.9133623994327393
58,4078.76,Mumbai,C0577,3,Entertainment|Fuel|Shopping,123411,0.028099676990091187,0.6663112818936541,0.5893427311635387,UPI|CARD|NET_BANKING,SCN-002026-0577,COMMUNICATION_SCAM,0.12567655731761135,0.07981132646482034,D0577,23,UPI,10,1.3108999133198236
36,2582.32,Pune,C0578,5,Fuel|Shopping,83880,0.11056096856308097,0.8790238822590527,0.5797378406422152,UPI|CARD|NET_BANKING,SCN-002026-0578,LONGITUDINAL_BEHAVIOR,0.1307633945678991,0.11652926805368793,D0578,23,UPI,7,0.7988226463815474
26,840.62,Delhi,C0579,2,Entertainment|Electronics,34209,0.05547224694300018,0.5303848413200949,0.2376479788063241,CARD|UPI|NET_BANKING,SCN-002026-0579,COMMUNICATION_SCAM,0.3072151337306299,0.23591627789272723,D0579,21,CARD,10,1.2356514353224513
65,3000.78,Bangalore,C0580,2,Electronics|Travel,116873,0.06209381921362081,0.6171117648872968,0.7896540920347466,UPI|CARD|NET_BANKING,SCN-002026-0580,TRANSACTION_ANOMALY,0.32153538253270453,0.22083375255823529,D0580,21,UPI,7,1.3966057853142135
24,2055.84,Pune,C0581,1,Entertainment|Food|Electronics,66018,0.07087868371832327,0.7517244194047753,0.738761430253909,NET_BANKING|UPI|CARD,SCN-002026-0581,KYC_IDENTITY,0.2647749558012645,0.18494730159048337,D0581,23,NET_BANKING,7,1.3590897989607529
26,1489.43,Mumbai,C0582,2,Shopping|Electronics|Travel,50955,0.023433987276862647,0.6620196404880409,0.45056824328379286,CARD|UPI|NET_BANKING,SCN-002026-0582,TRANSACTION_ANOMALY,0.2135431054233043,0.15702544158370874,D0582,20,CARD,10,0.7559011773243087
57,2784.73,Hyderabad,C0583,4,Shopping|Travel,119344,0.08043489867073185,0.895261835415251,0.628514243498699,CARD|UPI|NET_BANKING,SCN-002026-0583,LONGITUDINAL_BEHAVIOR,0.27124039610494954,0.2149827301856145,D0583,21,CARD,8,1.0477920848939624
70,3074.87,Hyderabad,C0584,3,Electronics|Fuel,138183,0.07560529698450852,0.7469246882949109,0.3183589267200825,UPI|CARD|NET_BANKING,SCN-002026-0584,LONGITUDINAL_BEHAVIOR,0.2613871507692326,0.2363925714078929,D0584,23,UPI,9,1.3772476700621683
45,2316.91,Pune,C0585,3,Food|Fuel,98939,0.10976467003469356,0.7441900277018989,0.7171327759443384,CARD|UPI|NET_BANKING,SCN-002026-0585,LONGITUDINAL_BEHAVIOR,0.3266468513094034,0.029144320459777103,D0585,20,CARD,7,1.029590238266275
61,4289.98,Delhi,C0586,2,Shopping|Entertainment,139999,0.09813250884432174,0.7870013914770586,0.5218181778359021,CARD|UPI|NET_BANKING,SCN-002026-0586,CLASSIFIER_EVALUATION,0.13405136115260236,0.06922468594958453,D0586,20,CARD,8,0.7018522796511056
50,3304.85,Mumbai,C0587,1,Food|Travel|Entertainment,96311,0.08399813093479719,0.47238251090538524,0.5642910037651825,CARD|UPI|NET_BANKING,SCN-002026-0587,CLASSIFIER_EVALUATION,0.230704341032244,0.07019390756185112,D0587,21,CARD,10,1.4535837912041367
61,3750.31,Delhi,C0588,4,Travel|Entertainment|Electronics,118227,0.10420319663574218,0.5717718451669839,0.29879977878240926,UPI|CARD|NET_BANKING,SCN-002026-0588,COMMUNICATION_SCAM,0.15683212948374925,0.0858732803885045,D0588,22,UPI,9,0.8010926858510805
31,2575.41,Pune,C0589,2,Shopping|Travel,85253,0.02980406441102343,0.6424108157120747,0.6407504386257767,UPI|CARD|NET_BANKING,SCN-002026-0589,LONGITUDINAL_BEHAVIOR,0.1856762026786047,0.2150845575499105,D0589,23,UPI,9,1.224804069802056
39,2696.76,Mumbai,C0590,3,Travel|Food,84606,0.024228680203332457,0.634893432943153,0.3794741218458927,CARD|UPI|NET_BANKING,SCN-002026-0590,KYC_IDENTITY,0.3233865061863681,0.033967134391677874,D0590,21,CARD,6,1.198822610723795
30,2693.26,Bangalore,C0591,1,Fuel|Electronics,85094,0.09671873724362749,0.8302139270787261,0.5071122659921103,CARD|UPI|NET_BANKING,SCN-002026-0591,KYC_IDENTITY,0.23706279661428728,0.1405009178428339,D0591,22,CARD,10,1.3330565117359685
44,2806.14,Pune,C0592,1,Fuel|Travel|Shopping,81192,0.033330160524837886,0.7607480027419896,0.7313284311281205,CARD|UPI|NET_BANKING,SCN-002026-0592,COMMUNICATION_SCAM,0.1585940508714824,0.15031928886645388,D0592,23,CARD,6,0.7667624103434021
57,3207.45,Mumbai,C0593,2,Shopping|Travel,125609,0.08935124832244883,0.4797294146055479,0.2819385085303568,UPI|CARD|NET_BANKING,SCN-002026-0593,COMMUNICATION_SCAM,0.32338999229408133,0.17695439525177856,D0593,21,UPI,6,1.3852361604066914
64,3484.25,Pune,C0594,1,Entertainment|Fuel,138620,0.03211517686126614,0.48138437991955146,0.5381109008901956,CARD|UPI|NET_BANKING,SCN-002026-0594,KYC_IDENTITY,0.19481350414383758,0.09765482954472321,D0594,22,CARD,6,1.1646880697752033
19,1888.33,Mumbai,C0595,2,Fuel|Food|Electronics,68042,0.07112105058570427,0.8570569883616732,0.3385584995360632,CARD|UPI|NET_BANKING,SCN-002026-0595,TRANSACTION_ANOMALY,0.18379566457703006,0.08906739939932769,D0595,23,CARD,6,1.4310441902463986
39,2093.86,Mumbai,C0596,1,Fuel|Entertainment,85647,0.07138033686919484,0.8445217583936199,0.32233713054963486,NET_BANKING|UPI|CARD,SCN-002026-0596,KYC_IDENTITY,0.15234932388046965,0.08042717484076255,D0596,22,NET_BANKING,6,0.7516215059652874
63,4571.69,Mumbai,C0597,4,Travel|Electronics,141249,0.03862845768221421,0.5140658584753623,0.7311971207362571,UPI|CARD|NET_BANKING,SCN-002026-0597,LONGITUDINAL_BEHAVIOR,0.28243445827397073,0.1444296795463042,D0597,21,UPI,6,0.7181274837560151
40,3357.86,Pune,C0598,1,Shopping|Fuel,100125,0.07676680771893443,0.6302749882832857,0.3637327365884384,NET_BANKING|UPI|CARD,SCN-002026-0598,COMMUNICATION_SCAM,0.22325229192782686,0.0690937402136732,D0598,21,NET_BANKING,6,1.3322289620217753
38,2356.88,Hyderabad,C0599,2,Travel|Fuel,104100,0.09341191736723253,0.7530238079345621,0.47036662006615243,UPI|CARD|NET_BANKING,SCN-002026-0599,KYC_IDENTITY,0.30273807504381367,0.11594455828836073,D0599,22,UPI,9,0.8326808137247501
52,2138.5,Mumbai,C0600,1,Travel|Fuel|Shopping,93703,0.08803881710195503,0.7458774148613692,0.5636894433420914,CARD|UPI|NET_BANKING,SCN-002026-0600,KYC_IDENTITY,0.17800293236963471,0.040269682526613594,D0600,20,CARD,9,1.4103077517941325
52,3628.09,Pune,C0601,1,Entertainment|Electronics,117868,0.04800090550270765,0.7600853177372862,0.4495176139068179,UPI|CARD|NET_BANKING,SCN-002026-0601,CLASSIFIER_EVALUATION,0.1418974018977902,0.1743448712830939,D0601,21,UPI,7,1.0587596093386054
29,1508.04,Bangalore,C0602,4,Entertainment|Food|Shopping,66142,0.039842887922743944,0.7129083860002243,0.3489149272747221,CARD|UPI|NET_BANKING,SCN-002026-0602,TRANSACTION_ANOMALY,0.1772791530412757,0.038735314192458514,D0602,21,CARD,8,0.9767802202885292
68,3532.13,Mumbai,C0603,3,Electronics|Entertainment|Travel,120067,0.07079555373052251,0.6204209013631057,0.7478987449915906,UPI|CARD|NET_BANKING,SCN-002026-0603,COMMUNICATION_SCAM,0.16300221506691184,0.11884808033656649,D0603,22,UPI,8,0.7360437285933088
45,2140.06,Delhi,C0604,3,Shopping|Fuel|Entertainment,85878,0.08056963302709813,0.7674558867843262,0.6157496653768633,UPI|CARD|NET_BANKING,SCN-002026-0604,TRANSACTION_ANOMALY,0.3232903092188652,0.11927615953631154,D0604,22,UPI,9,0.8309023060673169
44,2464.09,Delhi,C0605,2,Entertainment|Food,71779,0.0450625597694883,0.5490398797384262,0.4228849028019149,CARD|UPI|NET_BANKING,SCN-002026-0605,COMMUNICATION_SCAM,0.33776026382060964,0.09619877339873972,D0605,23,CARD,7,0.7546890800932982
41,3225.1,Bangalore,C0606,3,Fuel|Food,106078,0.030353104344976893,0.5180504565553737,0.6100230518953438,UPI|CARD|NET_BANKING,SCN-002026-0606,LONGITUDINAL_BEHAVIOR,0.2771660562124092,0.04595793171856312,D0606,21,UPI,6,1.3658440970793961
37,1826.3,Pune,C0607,2,Shopping|Travel|Entertainment,69747,0.09038633821512189,0.7851750076565779,0.4040940560523112,UPI|CARD|NET_BANKING,SCN-002026-0607,TRANSACTION_ANOMALY,0.268024592593609,0.09167264925208361,D0607,23,UPI,9,1.3853435180950562
57,2944.22,Bangalore,C0608,1,Electronics|Travel,129887,0.09969556647943201,0.694078564158201,0.7206180427599094,UPI|CARD|NET_BANKING,SCN-002026-0608,TRANSACTION_ANOMALY,0.2827153805812967,0.1937006025137057,D0608,21,UPI,8,1.27560264215342
32,2286.56,Pune,C0609,1,Travel|Electronics,75301,0.08194385594443451,0.7582348162290607,0.7043272608475522,CARD|UPI|NET_BANKING,SCN-002026-0609,LONGITUDINAL_BEHAVIOR,0.1750107541571299,0.13785176650077657,D0609,20,CARD,10,1.2092890334039819
27,1597.09,Pune,C0610,2,Entertainment|Food,64606,0.024793580792688744,0.6099586404979017,0.29098044596523726,NET_BANKING|UPI|CARD,SCN-002026-0610,COMMUNICATION_SCAM,0.26932733807487386,0.081079779400161,D0610,22,NET_BANKING,9,0.7733341776724496
55,3367.67,Mumbai,C0611,4,Electronics|Shopping|Travel,115907,0.06469020627044472,0.7857632555863225,0.3261803250573797,CARD|UPI|NET_BANKING,SCN-002026-0611,LONGITUDINAL_BEHAVIOR,0.2423467765597876,0.09957403820503448,D0611,21,CARD,7,0.8144344593280719
62,4646.82,Bangalore,C0612,4,Travel|Electronics,139352,0.07823016038967967,0.6389636052533831,0.31571020693151786,NET_BANKING|UPI|CARD,SCN-002026-0612,CLASSIFIER_EVALUATION,0.33511458101374286,0.20201327247707687,D0612,21,NET_BANKING,10,1.3683795755249677
49,3325.01,Delhi,C0613,4,Fuel|Entertainment,138176,0.05587513919779988,0.6456253976713282,0.4093361442916097,UPI|CARD|NET_BANKING,SCN-002026-0613,TRANSACTION_ANOMALY,0.2346570887497711,0.23411071077580234,D0613,22,UPI,8,0.9513331488144936
52,2687.61,Mumbai,C0614,3,Electronics|Entertainment|Shopping,111284,0.02557815798542316,0.7626527938036054,0.612692025616747,CARD|UPI|NET_BANKING,SCN-002026-0614,COMMUNICATION_SCAM,0.2702664006891117,0.06742899686390112,D0614,23,CARD,6,1.0967547313651678
55,3967.46,Delhi,C0615,4,Shopping|Entertainment,120794,0.06713779693585,0.5072443653158677,0.44228117489382063,UPI|CARD|NET_BANKING,SCN-002026-0615,COMMUNICATION_SCAM,0.12251441478245143,0.215261272702458,D0615,21,UPI,7,0.9185678318110068
24,2310.06,Hyderabad,C0616,2,Shopping|Fuel|Electronics,81026,0.06874130694086708,0.5995759228181787,0.48478517364232454,NET_BANKING|UPI|CARD,SCN-002026-0616,TRANSACTION_ANOMALY,0.2725507922524939,0.0909016089899225,D0616,20,NET_BANKING,8,0.9606156488433322
29,1714.23,Delhi,C0617,1,Entertainment|Food,54715,0.11059107723326038,0.48619349493408115,0.7198151895832503,UPI|CARD|NET_BANKING,SCN-002026-0617,COMMUNICATION_SCAM,0.14764685091998353,0.06023039078630488,D0617,22,UPI,10,1.3766249253183576
36,2264.98,Delhi,C0618,1,Travel|Shopping,77643,0.0988463505839131,0.8957018381179679,0.6407683624767183,CARD|UPI|NET_BANKING,SCN-002026-0618,COMMUNICATION_SCAM,0.2141510331422094,0.1740260215836044,D0618,21,CARD,7,1.2963526835205617
69,4458.45,Pune,C0619,6,Entertainment|Fuel|Shopping,142620,0.09624768610586261,0.4864062780436634,0.6233107989077438,CARD|UPI|NET_BANKING,SCN-002026-0619,CLASSIFIER_EVALUATION,0.17392319376453266,0.2150973310696826,D0619,23,CARD,10,0.8934821226439348
59,3583.97,Delhi,C0620,1,Shopping|Electronics,114010,0.03230302622901737,0.5319033547948643,0.5814235222563973,UPI|CARD|NET_BANKING,SCN-002026-0620,CLASSIFIER_EVALUATION,0.20026932904848238,0.2006719970479868,D0620,20,UPI,9,0.8275951523005692
53,3152.48,Hyderabad,C0621,3,Travel|Entertainment,92029,0.08826877071597282,0.6580031321249479,0.2241311702233489,UPI|CARD|NET_BANKING,SCN-002026-0621,COMMUNICATION_SCAM,0.1206496104300885,0.18502544693036135,D0621,22,UPI,8,0.7958679563015026
31,2463.27,Pune,C0622,3,Travel|Fuel,71237,0.08608730839634798,0.5376240277436107,0.6777793622025088,UPI|CARD|NET_BANKING,SCN-002026-0622,CLASSIFIER_EVALUATION,0.22227808555428763,0.10185109799455369,D0622,20,UPI,6,0.9336602884262604
66,4009.14,Pune,C0623,2,Entertainment|Fuel,141141,0.0685319034780136,0.7660726601451899,0.5311053380429902,UPI|CARD|NET_BANKING,SCN-002026-0623,CLASSIFIER_EVALUATION,0.26555371748955237,0.09241645220932199,D0623,22,UPI,6,1.3558355767550405
58,3761.93,Mumbai,C0624,1,Travel|Shopping|Electronics,131655,0.09936582516968201,0.7678861601639679,0.6387276633920768,CARD|UPI|NET_BANKING,SCN-002026-0624,LONGITUDINAL_BEHAVIOR,0.1332652362575715,0.23359990790544002,D0624,20,CARD,8,1.230912631229852
48,2942.42,Hyderabad,C0625,1,Shopping|Fuel,91218,0.07543582446830342,0.7770362925615993,0.6199351585366598,NET_BANKING|UPI|CARD,SCN-002026-0625,TRANSACTION_ANOMALY,0.26126215905200323,0.054078612479781504,D0625,21,NET_BANKING,9,1.2037198901199955
50,3672.01,Mumbai,C0626,2,Food|Fuel,109071,0.04959345504440858,0.7122220660474952,0.4698626202555727,UPI|CARD|NET_BANKING,SCN-002026-0626,COMMUNICATION_SCAM,0.1274815532431339,0.10575203193333703,D0626,20,UPI,9,1.4059355694987765
59,3521.09,Pune,C0627,2,Entertainment|Fuel,134115,0.11417409183373149,0.8011862710013492,0.5386977014544689,UPI|CARD|NET_BANKING,SCN-002026-0627,TRANSACTION_ANOMALY,0.173581706839342,0.20070985358356902,D0627,20,UPI,7,0.9694327466984998
28,2150.61,Mumbai,C0628,2,Food|Electronics,76583,0.02037779132589485,0.6261452583514904,0.35961183667159446,CARD|UPI|NET_BANKING,SCN-002026-0628,LONGITUDINAL_BEHAVIOR,0.12137489187716734,0.23935933132823514,D0628,21,CARD,7,1.4286472375474761
48,2993.11,Mumbai,C0629,3,Electronics|Shopping|Food,112905,0.1163114017654009,0.7911500753741966,0.2857380749586564,UPI|CARD|NET_BANKING,SCN-002026-0629,TRANSACTION_ANOMALY,0.14856623573416874,0.1821517025957766,D0629,23,UPI,7,1.2818178988826572
26,1417.66,Delhi,C0630,1,Electronics|Entertainment,47177,0.09744154020497434,0.6670065477347014,0.31179510659969945,UPI|CARD|NET_BANKING,SCN-002026-0630,KYC_IDENTITY,0.26176762374519646,0.16946596337825706,D0630,21,UPI,6,0.9988374313551973
60,4225.22,Hyderabad,C0631,5,Travel|Fuel,137266,0.027700792305533056,0.7108054762823881,0.7978916731113463,UPI|CARD|NET_BANKING,SCN-002026-0631,CLASSIFIER_EVALUATION,0.1935884105459553,0.13246123116902947,D0631,23,UPI,10,0.8748046968256489
54,4102.83,Hyderabad,C0632,4,Shopping|Entertainment|Food,129562,0.06478595054951125,0.8173639823912724,0.3662413753932734,CARD|UPI|NET_BANKING,SCN-002026-0632,COMMUNICATION_SCAM,0.1823311823033332,0.1294388298887395,D0632,23,CARD,8,0.7177925655397059
50,2470.82,Delhi,C0633,1,Shopping|Food,103645,0.11958422784593241,0.5011933504255113,0.4831744428810848,UPI|CARD|NET_BANKING,SCN-002026-0633,TRANSACTION_ANOMALY,0.3309808730357207,0.09015039022047251,D0633,22,UPI,7,1.1416630095559352
37,1910.96,Pune,C0634,2,Travel|Shopping,71755,0.031192053188621706,0.5053555406425583,0.7838088265854541,CARD|UPI|NET_BANKING,SCN-002026-0634,TRANSACTION_ANOMALY,0.2921110267421627,0.0362085213843016,D0634,22,CARD,7,1.3720758269025732
66,3385.19,Pune,C0635,2,Entertainment|Electronics,128410,0.069366257349275,0.7513981349888829,0.4957937755146817,CARD|UPI|NET_BANKING,SCN-002026-0635,CLASSIFIER_EVALUATION,0.2295913476153334,0.14470294888141128,D0635,22,CARD,10,1.4831637984633659
28,1990.26,Pune,C0636,1,Fuel|Entertainment,69047,0.1050628613841612,0.5064805781939934,0.39027823656079874,UPI|CARD|NET_BANKING,SCN-002026-0636,CLASSIFIER_EVALUATION,0.30621352001429203,0.0799051589533563,D0636,21,UPI,9,0.9848487250478393
59,3671.81,Pune,C0637,3,Entertainment|Fuel,128533,0.10751918389871096,0.8996632930431864,0.4202197095951321,UPI|CARD|NET_BANKING,SCN-002026-0637,KYC_IDENTITY,0.34616025664525096,0.0453594069059411,D0637,22,UPI,9,0.7128399993693469
46,3880.67,Mumbai,C0638,4,Shopping|Travel,111240,0.04990731950928049,0.496199437490091,0.6711205018727513,CARD|UPI|NET_BANKING,SCN-002026-0638,CLASSIFIER_EVALUATION,0.14163028983178688,0.16421985453501758,D0638,23,CARD,8,1.0093079057410943
40,2032.11,Delhi,C0639,1,Electronics|Shopping|Entertainment,78949,0.1077736151843027,0.6156562347325393,0.7738657115578982,CARD|UPI|NET_BANKING,SCN-002026-0639,KYC_IDENTITY,0.17406930592912015,0.06218899253154178,D0639,20,CARD,10,1.2076397402644563
64,3792.48,Mumbai,C0640,2,Food|Shopping,144518,0.045855524794578606,0.5057239774557276,0.20439231277806352,CARD|UPI|NET_BANKING,SCN-002026-0640,LONGITUDINAL_BEHAVIOR,0.22094420666284154,0.14412844689458965,D0640,21,CARD,7,1.319639312134901
67,3080.45,Mumbai,C0641,4,Entertainment|Fuel,134934,0.11125959321322863,0.804778838143041,0.21076238990674054,UPI|CARD|NET_BANKING,SCN-002026-0641,KYC_IDENTITY,0.15060763801481308,0.17193802258264768,D0641,21,UPI,10,0.9990093011389235
52,3388.75,Delhi,C0642,4,Electronics|Travel|Entertainment,118581,0.05054279655573166,0.5665446821372744,0.2619600919856077,CARD|UPI|NET_BANKING,SCN-002026-0642,CLASSIFIER_EVALUATION,0.21201672551113676,0.1631829830185554,D0642,22,CARD,9,1.3243058189944739
64,4507.22,Mumbai,C0643,4,Fuel|Electronics|Food,131027,0.11537679812857671,0.8367716702904131,0.34020328006191436,CARD|UPI|NET_BANKING,SCN-002026-0643,COMMUNICATION_SCAM,0.244338535964044,0.19757975888561644,D0643,23,CARD,7,0.8100821877774355
60,3810.55,Pune,C0644,3,Entertainment|Fuel,134472,0.04885940842963743,0.7118432005630094,0.21959727945972027,UPI|CARD|NET_BANKING,SCN-002026-0644,LONGITUDINAL_BEHAVIOR,0.16348736407913209,0.16427379253999883,D0644,22,UPI,6,0.8854229529931693
36,3455.04,Hyderabad,C0645,2,Shopping|Electronics,117781,0.020992966405923057,0.7934043353925794,0.3877074866467098,UPI|CARD|NET_BANKING,SCN-002026-0645,TRANSACTION_ANOMALY,0.2927365065160755,0.22426412234558724,D0645,22,UPI,10,1.252298703024436
52,1770.66,Hyderabad,C0646,1,Travel|Electronics,78909,0.09270745861398819,0.8376866047539924,0.7065943438060391,UPI|CARD|NET_BANKING,SCN-002026-0646,COMMUNICATION_SCAM,0.20352259251720978,0.15662551618809598,D0646,23,UPI,7,0.8611197095992884
55,2305.88,Delhi,C0647,1,Entertainment|Food|Electronics,99324,0.10032121841293548,0.5225269659853878,0.6013899921208303,NET_BANKING|UPI|CARD,SCN-002026-0647,KYC_IDENTITY,0.15863647086090554,0.029836754192649778,D0647,23,NET_BANKING,7,1.3439113016124886
69,3552.31,Hyderabad,C0648,4,Entertainment|Food,121049,0.024702619006633623,0.698382759836905,0.5255590427301706,UPI|CARD|NET_BANKING,SCN-002026-0648,CLASSIFIER_EVALUATION,0.3241640036750469,0.05237007691731718,D0648,20,UPI,8,1.402554470703671
50,3014.42,Delhi,C0649,4,Shopping|Travel,109576,0.07774977238907066,0.6525394314535281,0.31671720768819417,NET_BANKING|UPI|CARD,SCN-002026-0649,KYC_IDENTITY,0.17579912847577586,0.15484894579524366,D0649,20,NET_BANKING,6,0.9782783243289631
55,3393.18,Hyderabad,C0650,1,Fuel|Travel,114046,0.06025235892031723,0.8427784885186542,0.770992929106451,UPI|CARD|NET_BANKING,SCN-002026-0650,LONGITUDINAL_BEHAVIOR,0.2170746628812164,0.17284400349632595,D0650,22,UPI,9,0.8594481145335968
25,1677.68,Bangalore,C0651,3,Food|Fuel,72937,0.039399705218714436,0.5630809329018349,0.6882882483088231,UPI|CARD|NET_BANKING,SCN-002026-0651,TRANSACTION_ANOMALY,0.14544024601444133,0.07910505597102496,D0651,21,UPI,8,0.7501283011945645
19,1875.28,Pune,C0652,5,Fuel|Entertainment,67506,0.08785726439670609,0.8886187207576249,0.48083209152350187,UPI|CARD|NET_BANKING,SCN-002026-0652,COMMUNICATION_SCAM,0.2502093626235155,0.09905918275618203,D0652,23,UPI,7,1.0702978243303318
20,1490.29,Hyderabad,C0653,2,Electronics|Food|Shopping,60521,0.036230450170448195,0.7289747675633309,0.6278844536964494,UPI|CARD|NET_BANKING,SCN-002026-0653,TRANSACTION_ANOMALY,0.23991119750793,0.22900893242018983,D0653,21,UPI,7,1.356114091543191
51,3833.62,Pune,C0654,4,Food|Electronics,135303,0.05569357062824366,0.5468625222418431,0.5910784906649159,UPI|CARD|NET_BANKING,SCN-002026-0654,TRANSACTION_ANOMALY,0.26776318512971775,0.14716364537213072,D0654,23,UPI,8,0.8174400095848333
37,2671.15,Hyderabad,C0655,2,Food|Shopping|Travel,85299,0.05919130056782007,0.8313034207682136,0.43358629310420777,NET_BANKING|UPI|CARD,SCN-002026-0655,LONGITUDINAL_BEHAVIOR,0.30812207662621705,0.0521384107415941,D0655,20,NET_BANKING,9,1.05426659272244
27,1466.04,Delhi,C0656,1,Fuel|Shopping,49312,0.0925776109474673,0.7507811806468707,0.30498003452029415,CARD|UPI|NET_BANKING,SCN-002026-0656,KYC_IDENTITY,0.16663734284450232,0.1893407270864166,D0656,22,CARD,9,0.9348867938286911
18,1862.75,Mumbai,C0657,1,Travel|Entertainment|Shopping,68343,0.04087990864144227,0.7911373112942468,0.3575432419171777,UPI|CARD|NET_BANKING,SCN-002026-0657,COMMUNICATION_SCAM,0.2864219714371926,0.08575942563826616,D0657,20,UPI,9,1.106017230311987
49,2756.59,Delhi,C0658,2,Fuel|Food,91331,0.0924013906790737,0.4875034115431051,0.7519404354421451,CARD|UPI|NET_BANKING,SCN-002026-0658,KYC_IDENTITY,0.315094747859662,0.24761422208419195,D0658,20,CARD,9,0.786650927688934
34,3135.33,Mumbai,C0659,3,Entertainment|Electronics,107868,0.0811474430819852,0.5210462031510803,0.37597487807409014,CARD|UPI|NET_BANKING,SCN-002026-0659,TRANSACTION_ANOMALY,0.21608870818705728,0.23132537013164003,D0659,20,CARD,10,0.9221330909958311
27,1759.7,Pune,C0660,3,Food|Electronics|Travel,78767,0.051659932974144104,0.5336351044898536,0.3081949372334004,UPI|CARD|NET_BANKING,SCN-002026-0660,LONGITUDINAL_BEHAVIOR,0.15789699396982618,0.06419981113669146,D0660,23,UPI,7,1.4631915713352701
63,4067.5,Bangalore,C0661,5,Travel|Shopping,162996,0.06797906471706291,0.767802059923413,0.5544691857781905,UPI|CARD|NET_BANKING,SCN-002026-0661,COMMUNICATION_SCAM,0.13287780985197756,0.1537529646493325,D0661,22,UPI,7,0.8139204431119067
62,3611.15,Pune,C0662,3,Electronics|Food|Shopping,132198,0.08574984340860724,0.6952876641622643,0.21491430534110306,UPI|CARD|NET_BANKING,SCN-002026-0662,COMMUNICATION_SCAM,0.26004760217691947,0.20547629577157492,D0662,21,UPI,6,1.3674196325737098
24,2524.39,Delhi,C0663,1,Fuel|Food|Shopping,72727,0.06331133504072564,0.6495958765421728,0.3661807147502566,UPI|CARD|NET_BANKING,SCN-002026-0663,TRANSACTION_ANOMALY,0.2118663146391283,0.11732877352420998,D0663,20,UPI,6,1.3378105516673502
61,3295.1,Mumbai,C0664,2,Entertainment|Travel,141643,0.02273873687921993,0.6261328758604234,0.34938658778087395,NET_BANKING|UPI|CARD,SCN-002026-0664,COMMUNICATION_SCAM,0.1584673259307283,0.16601481094061624,D0664,20,NET_BANKING,6,1.1118192775319926
19,1932.5,Delhi,C0665,2,Shopping|Entertainment,65114,0.08896833370346995,0.4657720840921876,0.4498343600989385,CARD|UPI|NET_BANKING,SCN-002026-0665,CLASSIFIER_EVALUATION,0.20003809586837518,0.04845835546130116,D0665,20,CARD,10,1.0194918177641588
33,2977.36,Pune,C0666,1,Entertainment|Electronics|Food,112890,0.08891094501123631,0.8654604333117721,0.39353430765543496,CARD|UPI|NET_BANKING,SCN-002026-0666,KYC_IDENTITY,0.2948552376879651,0.14407928920859958,D0666,20,CARD,10,0.7428828098568053
33,1691.95,Delhi,C0667,2,Fuel|Entertainment,66723,0.07214192530394944,0.8235233041342946,0.676512483335155,NET_BANKING|UPI|CARD,SCN-002026-0667,TRANSACTION_ANOMALY,0.18542028397969557,0.11084648486802887,D0667,22,NET_BANKING,9,0.7632686805796163
53,3480.08,Hyderabad,C0668,4,Fuel|Food,132344,0.07880601242504401,0.7464060158535681,0.49941434280523495,CARD|UPI|NET_BANKING,SCN-002026-0668,KYC_IDENTITY,0.2199279208414226,0.24648804656434464,D0668,23,CARD,8,1.3502067037031158
27,2846.25,Mumbai,C0669,1,Entertainment|Food|Electronics,90667,0.04466536659034273,0.48384319673481213,0.3498748397895999,UPI|CARD|NET_BANKING,SCN-002026-0669,CLASSIFIER_EVALUATION,0.3167630521800264,0.21288076428355904,D0669,20,UPI,10,1.047177186011376
38,1711.77,Hyderabad,C0670,1,Food|Travel|Entertainment,74094,0.028397818134006873,0.8036036186425488,0.32775990925538157,CARD|UPI|NET_BANKING,SCN-002026-0670,KYC_IDENTITY,0.28783996522141964,0.16413796731463887,D0670,20,CARD,10,1.041434478987626
33,2079.18,Hyderabad,C0671,1,Fuel|Food,72497,0.03222792280647843,0.48584607999145124,0.426774113676768,CARD|UPI|NET_BANKING,SCN-002026-0671,LONGITUDINAL_BEHAVIOR,0.26861105388684103,0.24920092222665563,D0671,20,CARD,6,1.3972804066790918
44,2912.16,Mumbai,C0672,1,Food|Travel,99697,0.0942872720186887,0.6353658531822142,0.5323325655895741,CARD|UPI|NET_BANKING,SCN-002026-0672,TRANSACTION_ANOMALY,0.25740239370416085,0.02944549887400026,D0672,22,CARD,6,0.9600033885314367
61,3034.57,Bangalore,C0673,5,Fuel|Travel,135725,0.03832978976106815,0.748430516419719,0.7265376997374935,UPI|CARD|NET_BANKING,SCN-002026-0673,KYC_IDENTITY,0.21762238735099895,0.2427369893508719,D0673,20,UPI,9,1.4731720002067927
50,2424.35,Pune,C0674,4,Fuel|Electronics,101852,0.04043914437711406,0.6225964008847724,0.6335315891340663,UPI|CARD|NET_BANKING,SCN-002026-0674,CLASSIFIER_EVALUATION,0.14874913413541047,0.09631495293870772,D0674,21,UPI,8,1.494574496725912
54,2546.65,Pune,C0675,1,Electronics|Food,108494,0.054483918090304576,0.5602861401615188,0.4232940812075726,UPI|CARD|NET_BANKING,SCN-002026-0675,KYC_IDENTITY,0.1902844857988194,0.038804889120210795,D0675,21,UPI,8,0.721312374610436
43,2059.7,Bangalore,C0676,2,Electronics|Fuel|Shopping,71336,0.028875442061227156,0.7794189171903257,0.7977534237189219,CARD|UPI|NET_BANKING,SCN-002026-0676,LONGITUDINAL_BEHAVIOR,0.1598293941570974,0.08157147358164793,D0676,23,CARD,10,1.011832936025935
43,2341.2,Delhi,C0677,2,Travel|Entertainment,100634,0.03249355876933113,0.506857586895627,0.5121440857524409,UPI|CARD|NET_BANKING,SCN-002026-0677,KYC_IDENTITY,0.25564177125273524,0.20944795709897115,D0677,20,UPI,7,0.7962389252969376
50,4743.22,Pune,C0678,4,Travel|Entertainment,136849,0.09904468507083312,0.7469530165988352,0.560430792261868,CARD|UPI|NET_BANKING,SCN-002026-0678,COMMUNICATION_SCAM,0.225364505417673,0.11059444029005912,D0678,21,CARD,10,1.1513743817449371
63,4003.29,Hyderabad,C0679,2,Travel|Entertainment,123191,0.06828256017742859,0.6704623274060243,0.7956202107120542,CARD|UPI|NET_BANKING,SCN-002026-0679,TRANSACTION_ANOMALY,0.29250202738009534,0.05019527582285915,D0679,22,CARD,8,1.0907652892363209
36,2146.51,Mumbai,C0680,2,Shopping|Entertainment,79964,0.09514373573465153,0.8748803374904528,0.3214644233970962,UPI|CARD|NET_BANKING,SCN-002026-0680,COMMUNICATION_SCAM,0.13843240219724962,0.23016633915151394,D0680,23,UPI,9,1.2318539379565827
57,3482.95,Hyderabad,C0681,1,Travel|Electronics,118101,0.07557774799518134,0.7352164561107104,0.6616095230083439,CARD|UPI|NET_BANKING,SCN-002026-0681,TRANSACTION_ANOMALY,0.24099826513747008,0.1901063461065924,D0681,21,CARD,9,0.8072135508506731
23,1837.73,Bangalore,C0682,1,Food|Fuel,56112,0.0468904241142559,0.8284825765986976,0.671333699812849,UPI|CARD|NET_BANKING,SCN-002026-0682,COMMUNICATION_SCAM,0.22831532800188092,0.2179293160579328,D0682,23,UPI,8,1.46874532686693
59,3486.03,Mumbai,C0683,1,Fuel|Electronics,109006,0.1183313140687389,0.8910351651666566,0.5304149812674889,CARD|UPI|NET_BANKING,SCN-002026-0683,COMMUNICATION_SCAM,0.2835297964627953,0.07555977363224944,D0683,23,CARD,8,1.060064448760835
38,2640.46,Mumbai,C0684,3,Fuel|Food|Travel,97424,0.03344235333697944,0.743625880183266,0.47722424914486805,CARD|UPI|NET_BANKING,SCN-002026-0684,TRANSACTION_ANOMALY,0.13163249593999946,0.10845229656092858,D0684,22,CARD,6,1.4617986054531653
23,1409.7,Mumbai,C0685,2,Travel|Fuel|Entertainment,42857,0.07787719779185849,0.7112428725167086,0.4244176128311645,CARD|UPI|NET_BANKING,SCN-002026-0685,KYC_IDENTITY,0.28615225967815766,0.07212074194140838,D0685,20,CARD,9,1.47232883456496
62,3074.67,Hyderabad,C0686,1,Shopping|Travel,109462,0.08809892577264271,0.6268045216323117,0.26363534617715456,UPI|CARD|NET_BANKING,SCN-002026-0686,KYC_IDENTITY,0.1690679435131732,0.19456521755535866,D0686,20,UPI,8,1.328360209799077
60,3463.86,Pune,C0687,2,Shopping|Fuel,133065,0.10990234969044545,0.8196868573172049,0.5872858096827476,UPI|CARD|NET_BANKING,SCN-002026-0687,CLASSIFIER_EVALUATION,0.1575065769191053,0.08674454573262007,D0687,22,UPI,10,0.889751246113932
38,1835.89,Delhi,C0688,3,Food|Shopping,72386,0.11544041986499762,0.4743128406243498,0.7945588378894515,CARD|UPI|NET_BANKING,SCN-002026-0688,COMMUNICATION_SCAM,0.2786156738426734,0.23873357862892297,D0688,20,CARD,7,1.4032146037665794
24,1951.96,Pune,C0689,1,Food|Travel,59762,0.03147234556872702,0.5884657436650027,0.611411997072314,UPI|CARD|NET_BANKING,SCN-002026-0689,LONGITUDINAL_BEHAVIOR,0.14788417336843113,0.20316645206161643,D0689,20,UPI,10,1.0885384865566594
33,2674.39,Delhi,C0690,2,Entertainment|Fuel|Food,94769,0.05541441305225893,0.795682540378123,0.3278542546504417,NET_BANKING|UPI|CARD,SCN-002026-0690,TRANSACTION_ANOMALY,0.31038637271638264,0.03698601935072464,D0690,21,NET_BANKING,7,0.7358454194138657
31,1937.49,Pune,C0691,1,Travel|Fuel,72757,0.07659111521351035,0.5673807110542364,0.6840584449176721,UPI|CARD|NET_BANKING,SCN-002026-0691,LONGITUDINAL_BEHAVIOR,0.3458979925488249,0.11441856346298326,D0691,22,UPI,9,0.8317201804083711
24,1912.81,Hyderabad,C0692,1,Shopping|Fuel,76466,0.10222758826990701,0.7661765102344474,0.6500135893398094,CARD|UPI|NET_BANKING,SCN-002026-0692,TRANSACTION_ANOMALY,0.2089036068649659,0.06786953883581197,D0692,23,CARD,6,0.7019768198056919
54,4209.74,Mumbai,C0693,4,Food|Entertainment,138717,0.10739126570712032,0.5549314954377966,0.5814682225816334,CARD|UPI|NET_BANKING,SCN-002026-0693,TRANSACTION_ANOMALY,0.17492199886871235,0.045874823709328036,D0693,23,CARD,7,1.1701354317544896
61,3733.33,Bangalore,C0694,4,Shopping|Fuel|Electronics,137266,0.08035106387586854,0.8612924506648473,0.26734657656559796,UPI|CARD|NET_BANKING,SCN-002026-0694,KYC_IDENTITY,0.17303968576326123,0.028640257534087877,D0694,23,UPI,8,0.7978970136392121
57,2856.67,Bangalore,C0695,2,Shopping|Fuel,119528,0.10927693833301347,0.4535321448014611,0.7248815198247376,NET_BANKING|UPI|CARD,SCN-002026-0695,COMMUNICATION_SCAM,0.2077225038201333,0.08306422170628212,D0695,21,NET_BANKING,8,1.2935562312620934
48,2076.09,Delhi,C0696,3,Fuel|Food,92392,0.042855458622687276,0.777574455009129,0.6683882790037434,NET_BANKING|UPI|CARD,SCN-002026-0696,KYC_IDENTITY,0.16300314539589464,0.22239928034477566,D0696,22,NET_BANKING,7,0.9034551253193525
66,3774.43,Pune,C0697,4,Fuel|Food,112481,0.05292523322168209,0.4949623629812653,0.6047760722826991,CARD|UPI|NET_BANKING,SCN-002026-0697,LONGITUDINAL_BEHAVIOR,0.1475940550931066,0.22848123383377864,D0697,20,CARD,9,0.7984545769463146
31,3097.81,Delhi,C0698,3,Food|Electronics,88158,0.08229876356023684,0.4834105333812834,0.6439230670154494,UPI|CARD|NET_BANKING,SCN-002026-0698,CLASSIFIER_EVALUATION,0.2033229771192237,0.09343822015186813,D0698,20,UPI,6,1.4435675713239429
19,1066.05,Mumbai,C0699,2,Electronics|Food,37737,0.06916155432214742,0.7425699218454753,0.3866099894069831,UPI|CARD|NET_BANKING,SCN-002026-0699,TRANSACTION_ANOMALY,0.3146905740792294,0.05047106142098533,D0699,22,UPI,6,0.9204288475333974
63,4557.14,Delhi,C0700,3,Shopping|Electronics,135761,0.05692821169034683,0.5935244563661847,0.3035837699964955,CARD|UPI|NET_BANKING,SCN-002026-0700,CLASSIFIER_EVALUATION,0.2534433382194784,0.047067583933391874,D0700,23,CARD,7,0.7263356923465145
32,2022.0,Pune,C0701,2,Electronics|Entertainment,89884,0.0675798744782845,0.6176307808453227,0.747538642270702,NET_BANKING|UPI|CARD,SCN-002026-0701,KYC_IDENTITY,0.14976025435980433,0.06668827750493125,D0701,20,NET_BANKING,9,1.1599459032037571
56,3309.08,Pune,C0702,4,Fuel|Travel|Food,127527,0.11975950534173621,0.607615160619353,0.7019886574047642,NET_BANKING|UPI|CARD,SCN-002026-0702,TRANSACTION_ANOMALY,0.34679215527509744,0.1891345198302537,D0702,22,NET_BANKING,10,1.3584664224235523
23,1110.12,Hyderabad,C0703,1,Entertainment|Shopping,40872,0.09160856318200121,0.823623883294357,0.22318699503499317,NET_BANKING|UPI|CARD,SCN-002026-0703,LONGITUDINAL_BEHAVIOR,0.22887767174583995,0.11775461153179778,D0703,20,NET_BANKING,6,0.8544622400744455
18,1170.94,Hyderabad,C0704,1,Food|Travel,49259,0.08607172558072693,0.5296777121604311,0.6835787463818397,UPI|CARD|NET_BANKING,SCN-002026-0704,LONGITUDINAL_BEHAVIOR,0.34523532782885025,0.19336860521503463,D0704,22,UPI,10,1.426846200509116
55,3906.25,Pune,C0705,4,Food|Shopping,114960,0.08880623113192304,0.6612158864691429,0.3166882738243447,CARD|UPI|NET_BANKING,SCN-002026-0705,TRANSACTION_ANOMALY,0.1901050393202432,0.020424381644035556,D0705,21,CARD,9,1.2634498487964105
63,3782.18,Pune,C0706,3,Entertainment|Electronics,106618,0.10847400916079968,0.5143685892807109,0.5572410049830084,UPI|CARD|NET_BANKING,SCN-002026-0706,KYC_IDENTITY,0.17386965288815281,0.193881698417005,D0706,22,UPI,6,0.7067196762133171
70,3567.96,Hyderabad,C0707,5,Travel|Food|Fuel,133800,0.0657848430875653,0.8965109464851977,0.36980222635519555,CARD|UPI|NET_BANKING,SCN-002026-0707,LONGITUDINAL_BEHAVIOR,0.18539701861661506,0.16172554472956654,D0707,22,CARD,7,1.020770500220135
43,2091.01,Delhi,C0708,2,Fuel|Shopping,78783,0.061752462601495334,0.7473201940429333,0.4973205072359716,NET_BANKING|UPI|CARD,SCN-002026-0708,TRANSACTION_ANOMALY,0.31366120870413716,0.2378311924547452,D0708,23,NET_BANKING,6,0.8102909250553679
52,2359.63,Bangalore,C0709,1,Electronics|Fuel,103970,0.04755362558470488,0.8525206626463331,0.4461943332095604,CARD|UPI|NET_BANKING,SCN-002026-0709,TRANSACTION_ANOMALY,0.2775088853448041,0.06451811790715664,D0709,22,CARD,10,1.2323814892737226
40,2077.15,Hyderabad,C0710,1,Travel|Fuel|Entertainment,93387,0.11479391774188098,0.76256577783379,0.7664161299265086,CARD|UPI|NET_BANKING,SCN-002026-0710,CLASSIFIER_EVALUATION,0.29055277977501404,0.04997219068740914,D0710,22,CARD,8,1.2715159198932502
68,3220.78,Hyderabad,C0711,4,Fuel|Food|Entertainment,135521,0.07937431209361157,0.5982408063155427,0.47747244228390545,UPI|CARD|NET_BANKING,SCN-002026-0711,COMMUNICATION_SCAM,0.2461164383566859,0.09565699268096191,D0711,22,UPI,6,0.9376990700260456
32,2271.6,Delhi,C0712,2,Shopping|Fuel,83735,0.09374851156665519,0.456415700936844,0.4893767226930567,UPI|CARD|NET_BANKING,SCN-002026-0712,CLASSIFIER_EVALUATION,0.1932601302997244,0.19696720963867415,D0712,22,UPI,10,1.1162514839999655
49,2892.95,Hyderabad,C0713,1,Electronics|Shopping,95073,0.06489937312852792,0.6451959140858038,0.6519419468375023,CARD|UPI|NET_BANKING,SCN-002026-0713,CLASSIFIER_EVALUATION,0.13152132171053113,0.1435285050812895,D0713,23,CARD,10,0.7271466164127595
30,2054.53,Bangalore,C0714,2,Shopping|Entertainment|Travel,73649,0.11201408711712241,0.8674620299679792,0.4990219737049365,CARD|UPI|NET_BANKING,SCN-002026-0714,CLASSIFIER_EVALUATION,0.18710442571121128,0.23668900978148885,D0714,22,CARD,6,1.4794031824400797
47,2941.04,Hyderabad,C0715,2,Food|Electronics,119673,0.03587049219364953,0.7646269225942316,0.4233216966250028,UPI|CARD|NET_BANKING,SCN-002026-0715,TRANSACTION_ANOMALY,0.22467784999601592,0.04094641151439298,D0715,20,UPI,7,0.7192997099774033
61,2728.58,Bangalore,C0716,1,Shopping|Electronics|Entertainment,113291,0.033203137636272466,0.6540454360222744,0.6107466366624044,CARD|UPI|NET_BANKING,SCN-002026-0716,LONGITUDINAL_BEHAVIOR,0.27514333885008263,0.21223697893272075,D0716,23,CARD,10,1.1666021353698595
30,2550.37,Hyderabad,C0717,3,Food|Electronics|Entertainment,88889,0.04765928603125222,0.7251725084605318,0.6658217681785271,CARD|UPI|NET_BANKING,SCN-002026-0717,COMMUNICATION_SCAM,0.22071432848523065,0.19953207599829406,D0717,23,CARD,9,0.7394963249783176
43,2849.31,Bangalore,C0718,1,Shopping|Travel|Fuel,80589,0.0871970212609875,0.5414821263329695,0.3670457579469958,NET_BANKING|UPI|CARD,SCN-002026-0718,LONGITUDINAL_BEHAVIOR,0.2504062378801738,0.024345996485088253,D0718,23,NET_BANKING,7,1.0220988907972144
28,1546.73,Hyderabad,C0719,1,Electronics|Food,54472,0.10591083859150316,0.8427405198097196,0.2840399032031351,UPI|CARD|NET_BANKING,SCN-002026-0719,CLASSIFIER_EVALUATION,0.2503654264962466,0.09686201088603201,D0719,20,UPI,7,1.298395520438512
24,1015.65,Hyderabad,C0720,1,Travel|Entertainment,29420,0.056821808869825546,0.7808440405784176,0.7010685957954141,UPI|CARD|NET_BANKING,SCN-002026-0720,COMMUNICATION_SCAM,0.22215369884793118,0.09661261550540065,D0720,20,UPI,7,1.034159253486136
19,1226.09,Pune,C0721,1,Fuel|Food,48159,0.06794875094551155,0.49029017672685826,0.7909255340180237,UPI|CARD|NET_BANKING,SCN-002026-0721,LONGITUDINAL_BEHAVIOR,0.29234022611501276,0.16858086078732484,D0721,22,UPI,10,0.8234983128065859
19,2399.02,Mumbai,C0722,2,Electronics|Shopping|Travel,81025,0.025428541308462487,0.8208658686864743,0.6204667788336271,UPI|CARD|NET_BANKING,SCN-002026-0722,CLASSIFIER_EVALUATION,0.17148586704578153,0.23839070366339424,D0722,23,UPI,9,1.0063690530224838
40,2255.53,Hyderabad,C0723,2,Travel|Food|Entertainment,99621,0.06612416526245987,0.8564888085742229,0.783669620852,UPI|CARD|NET_BANKING,SCN-002026-0723,COMMUNICATION_SCAM,0.3104828358616208,0.07345291767426733,D0723,21,UPI,7,0.9986159669424364
60,3928.12,Pune,C0724,1,Fuel|Entertainment,136926,0.07497345980675087,0.7585570159777388,0.36341700842336944,CARD|UPI|NET_BANKING,SCN-002026-0724,LONGITUDINAL_BEHAVIOR,0.32455402117627263,0.08955003355133405,D0724,22,CARD,8,0.8381930695362328
62,4747.5,Mumbai,C0725,4,Electronics|Entertainment,142922,0.022854029265239998,0.7730116561005919,0.310893866153631,CARD|UPI|NET_BANKING,SCN-002026-0725,LONGITUDINAL_BEHAVIOR,0.2725932964849711,0.07413628234454442,D0725,21,CARD,10,1.220296428085256
39,2120.52,Hyderabad,C0726,1,Electronics|Food,88171,0.03381866554319234,0.8603552305027334,0.720338460214313,UPI|CARD|NET_BANKING,SCN-002026-0726,TRANSACTION_ANOMALY,0.1957364656485928,0.049512397980084416,D0726,23,UPI,7,1.0239949254382692
63,4228.15,Delhi,C0727,5,Travel|Fuel,126067,0.04588814928937383,0.7627349471812235,0.5654227511278269,UPI|CARD|NET_BANKING,SCN-002026-0727,TRANSACTION_ANOMALY,0.33567822054560137,0.14056836120188482,D0727,21,UPI,9,1.0959147995610374
29,1547.9,Mumbai,C0728,1,Travel|Shopping,59910,0.07699754002339995,0.6775793076157534,0.4118224164376194,CARD|UPI|NET_BANKING,SCN-002026-0728,LONGITUDINAL_BEHAVIOR,0.1438555941388175,0.10467023595449373,D0728,22,CARD,8,0.9550265948191603
60,2675.86,Mumbai,C0729,3,Food|Entertainment,103288,0.052628972611557676,0.45641304768088176,0.32913315357110595,UPI|CARD|NET_BANKING,SCN-002026-0729,KYC_IDENTITY,0.12966520870354778,0.08629618814448459,D0729,22,UPI,10,0.8378022615022958
69,3663.58,Delhi,C0730,4,Food|Fuel,126130,0.030885874047560186,0.8046832816876612,0.262460429002529,CARD|UPI|NET_BANKING,SCN-002026-0730,CLASSIFIER_EVALUATION,0.21985066569899653,0.21571382989745538,D0730,20,CARD,10,0.8270310657359072
66,2697.99,Mumbai,C0731,3,Fuel|Entertainment|Food,120756,0.08717906455074688,0.8524897075504865,0.4661207613652235,CARD|UPI|NET_BANKING,SCN-002026-0731,CLASSIFIER_EVALUATION,0.18569219114257748,0.1122235455041389,D0731,20,CARD,7,1.173543427186299
59,2742.93,Bangalore,C0732,3,Food|Fuel,115085,0.10313524491017763,0.5968730579408532,0.6005294772517566,NET_BANKING|UPI|CARD,SCN-002026-0732,CLASSIFIER_EVALUATION,0.14684554406761954,0.12531508784405482,D0732,22,NET_BANKING,6,1.2848582416486078
70,4179.01,Mumbai,C0733,6,Shopping|Fuel,132057,0.09327773293788541,0.6170614002489151,0.2831066866295282,CARD|UPI|NET_BANKING,SCN-002026-0733,COMMUNICATION_SCAM,0.2266783751935794,0.05100532103555308,D0733,23,CARD,7,1.3117107384333104
28,2029.67,Mumbai,C0734,5,Food|Electronics|Travel,66961,0.03176638522311553,0.6732534298834172,0.3424401609010441,CARD|UPI|NET_BANKING,SCN-002026-0734,CLASSIFIER_EVALUATION,0.16175259064620406,0.2459060534560753,D0734,23,CARD,10,1.0637111677137867
59,2951.51,Pune,C0735,6,Electronics|Entertainment,101133,0.029308542624385706,0.8473424079647486,0.7357731958820213,UPI|CARD|NET_BANKING,SCN-002026-0735,COMMUNICATION_SCAM,0.23884086239091895,0.041935631125829945,D0735,21,UPI,8,1.1092201011900698
31,2755.82,Hyderabad,C0736,1,Fuel|Entertainment,85014,0.11630423969513892,0.5698630003256668,0.2275868558526802,UPI|CARD|NET_BANKING,SCN-002026-0736,LONGITUDINAL_BEHAVIOR,0.2476310728022027,0.05439851386942672,D0736,22,UPI,6,0.7169331740775456
68,3766.62,Mumbai,C0737,4,Fuel|Electronics,163219,0.05792364445481031,0.5443780269543738,0.5195391102085756,CARD|UPI|NET_BANKING,SCN-002026-0737,COMMUNICATION_SCAM,0.2935082574778995,0.22515197195786893,D0737,23,CARD,9,1.0181783305453829
66,4500.43,Delhi,C0738,2,Shopping|Food,145684,0.03186976741600819,0.6674911454379131,0.6227866906495769,CARD|UPI|NET_BANKING,SCN-002026-0738,KYC_IDENTITY,0.24623047972301293,0.18421594142705844,D0738,20,CARD,10,1.2658774824038805
42,2847.67,Mumbai,C0739,4,Food|Travel,115059,0.02513610665313827,0.8395804857063156,0.5360663686073556,CARD|UPI|NET_BANKING,SCN-002026-0739,KYC_IDENTITY,0.2313937455921389,0.1416702811361726,D0739,23,CARD,7,0.9403215867871356
54,2243.06,Mumbai,C0740,1,Electronics|Travel,99595,0.02471065273088198,0.8497856009266171,0.4786255306725105,UPI|CARD|NET_BANKING,SCN-002026-0740,CLASSIFIER_EVALUATION,0.28725910399520765,0.1673129584171971,D0740,22,UPI,9,1.0086348922503154
18,1706.6,Mumbai,C0741,1,Fuel|Food,72745,0.09894204702792567,0.7669165074315454,0.46302868806254727,UPI|CARD|NET_BANKING,SCN-002026-0741,TRANSACTION_ANOMALY,0.2507533091702626,0.10882578689013211,D0741,23,UPI,6,1.1379014786614645
47,3025.28,Delhi,C0742,5,Fuel|Entertainment,108024,0.05652774641560161,0.5177187936130023,0.4225955011376742,CARD|UPI|NET_BANKING,SCN-002026-0742,COMMUNICATION_SCAM,0.3255950294207718,0.18141107303322937,D0742,21,CARD,7,1.20728388060466
23,2529.08,Pune,C0743,1,Food|Electronics,89558,0.02726370695631152,0.7818929901222542,0.30633110949519654,NET_BANKING|UPI|CARD,SCN-002026-0743,LONGITUDINAL_BEHAVIOR,0.18002090811404964,0.04686762805432447,D0743,23,NET_BANKING,7,0.7400441868106903
26,2101.6,Mumbai,C0744,3,Electronics|Entertainment|Travel,83908,0.02606974769736055,0.6902023338158031,0.23973732953217325,CARD|UPI|NET_BANKING,SCN-002026-0744,COMMUNICATION_SCAM,0.3265434963191731,0.13375513963461086,D0744,20,CARD,6,1.3810114256880852
34,2576.55,Pune,C0745,3,Fuel|Food,73736,0.09042544515727409,0.5677629802261943,0.42661276634005096,UPI|CARD|NET_BANKING,SCN-002026-0745,TRANSACTION_ANOMALY,0.2414422718673671,0.23974182180027487,D0745,22,UPI,7,1.0973021593128611
25,1846.97,Bangalore,C0746,1,Electronics|Fuel,58184,0.04445097468664386,0.45885906699851037,0.6610667077436708,UPI|CARD|NET_BANKING,SCN-002026-0746,TRANSACTION_ANOMALY,0.14080945323824906,0.09620976520249112,D0746,20,UPI,10,0.8764989225874685
65,3608.75,Pune,C0747,4,Fuel|Shopping,112328,0.10289897991676356,0.5515806297383384,0.7299035454468181,UPI|CARD|NET_BANKING,SCN-002026-0747,COMMUNICATION_SCAM,0.1918611132693073,0.16704122959344253,D0747,21,UPI,10,1.1813539646720377
65,3519.16,Delhi,C0748,4,Fuel|Food,126769,0.052027854986108804,0.5886395700406616,0.6844955519244658,CARD|UPI|NET_BANKING,SCN-002026-0748,TRANSACTION_ANOMALY,0.21505283010911225,0.12028709786963766,D0748,23,CARD,8,0.9450556025025216
26,2222.87,Mumbai,C0749,3,Food|Fuel,68111,0.07013175328622273,0.617950003369484,0.368378678067395,UPI|CARD|NET_BANKING,SCN-002026-0749,CLASSIFIER_EVALUATION,0.21379960986166752,0.20690465966862553,D0749,20,UPI,7,0.9904614619789947
41,2720.3,Mumbai,C0750,1,Fuel|Food|Entertainment,81766,0.08792154403749611,0.8146054879529123,0.555028695779887,UPI|CARD|NET_BANKING,SCN-002026-0750,CLASSIFIER_EVALUATION,0.23341621689232706,0.2370283093204672,D0750,21,UPI,9,0.7769756055356978
31,3384.4,Pune,C0751,1,Food|Entertainment|Electronics,95877,0.08712579960966108,0.7502715440138553,0.5645371215458007,UPI|CARD|NET_BANKING,SCN-002026-0751,COMMUNICATION_SCAM,0.1519548649245351,0.09728739404763757,D0751,22,UPI,9,0.7994123889365602
54,3296.4,Delhi,C0752,4,Food|Entertainment|Travel,119330,0.08856956306243659,0.7665225606415742,0.6782375455927516,NET_BANKING|UPI|CARD,SCN-002026-0752,KYC_IDENTITY,0.2545881132929645,0.20770595955809196,D0752,20,NET_BANKING,9,0.9261822145304407
44,2442.48,Bangalore,C0753,4,Electronics|Shopping,76515,0.11154544280274249,0.6291648257165773,0.6074778004843597,NET_BANKING|UPI|CARD,SCN-002026-0753,TRANSACTION_ANOMALY,0.30882838989713834,0.1672636478322037,D0753,22,NET_BANKING,10,1.1683918940313625
18,1478.05,Pune,C0754,2,Entertainment|Travel,52837,0.027805769418186025,0.5743755896800483,0.36650340942311055,CARD|UPI|NET_BANKING,SCN-002026-0754,COMMUNICATION_SCAM,0.3333068985655484,0.11938110739635704,D0754,23,CARD,10,1.0697026369500777
60,2974.92,Mumbai,C0755,3,Food|Travel|Fuel,105266,0.06839636317806082,0.7639765296716874,0.7965979764712654,UPI|CARD|NET_BANKING,SCN-002026-0755,CLASSIFIER_EVALUATION,0.12953538983742205,0.14932429007131312,D0755,21,UPI,7,0.8255264919475763
23,2142.56,Delhi,C0756,3,Travel|Food|Electronics,73765,0.07510219502087165,0.6432317417118006,0.5078224802055996,NET_BANKING|UPI|CARD,SCN-002026-0756,KYC_IDENTITY,0.26187387425736364,0.12022452175840188,D0756,20,NET_BANKING,9,1.411991405266954
69,2848.96,Pune,C0757,4,Shopping|Entertainment,124166,0.08263180773924704,0.7115393187257408,0.3816895903163125,CARD|UPI|NET_BANKING,SCN-002026-0757,COMMUNICATION_SCAM,0.13089814747855036,0.12821137286916728,D0757,22,CARD,10,1.3772704225800652
60,2483.18,Pune,C0758,2,Food|Travel,95028,0.08610960711358598,0.5451744492397883,0.40821404378978676,NET_BANKING|UPI|CARD,SCN-002026-0758,CLASSIFIER_EVALUATION,0.15132241664155616,0.13236583554240958,D0758,22,NET_BANKING,9,0.9302606792514632
22,1601.02,Bangalore,C0759,1,Electronics|Entertainment,46160,0.0451624116470178,0.5977154367521481,0.5323928320718756,CARD|UPI|NET_BANKING,SCN-002026-0759,LONGITUDINAL_BEHAVIOR,0.17305112093309588,0.1453228800289048,D0759,23,CARD,8,1.4313369271802991
45,3218.22,Mumbai,C0760,2,Travel|Electronics,99404,0.05965237621378848,0.5943020077362409,0.7070634924991905,CARD|UPI|NET_BANKING,SCN-002026-0760,TRANSACTION_ANOMALY,0.13799252908216977,0.24623792666414504,D0760,21,CARD,9,0.8446133514924181
60,3907.1,Pune,C0761,3,Electronics|Shopping,131704,0.0319505885286169,0.7255544835877099,0.6537308297017475,NET_BANKING|UPI|CARD,SCN-002026-0761,CLASSIFIER_EVALUATION,0.21421826125309162,0.1782795673068455,D0761,21,NET_BANKING,7,0.7820013139723192
62,3380.71,Pune,C0762,1,Electronics|Travel,133939,0.09676903599105108,0.5025942720587449,0.5410552758481308,NET_BANKING|UPI|CARD,SCN-002026-0762,KYC_IDENTITY,0.13814814779259244,0.09267162217465558,D0762,20,NET_BANKING,10,1.3201912127117372
20,2072.52,Hyderabad,C0763,3,Travel|Fuel,76900,0.08890205268872405,0.8540595366643805,0.3452199967299029,UPI|CARD|NET_BANKING,SCN-002026-0763,TRANSACTION_ANOMALY,0.31218514038825473,0.07701422785595306,D0763,21,UPI,7,1.180351288638066
67,4040.21,Pune,C0764,2,Shopping|Fuel|Travel,115613,0.08957415950698878,0.5885137747469087,0.30035363228950895,NET_BANKING|UPI|CARD,SCN-002026-0764,CLASSIFIER_EVALUATION,0.17124314575819316,0.02831915053528878,D0764,22,NET_BANKING,6,0.7399888015727387
69,3227.76,Hyderabad,C0765,3,Shopping|Travel,128998,0.11168733161183528,0.7666639760588805,0.2698654568633342,NET_BANKING|UPI|CARD,SCN-002026-0765,KYC_IDENTITY,0.2856921479229283,0.2318122196052295,D0765,20,NET_BANKING,10,1.4795484033080566
56,2740.29,Hyderabad,C0766,2,Fuel|Electronics|Entertainment,118188,0.06402571656930656,0.5402923026162303,0.4159850891797266,UPI|CARD|NET_BANKING,SCN-002026-0766,CLASSIFIER_EVALUATION,0.1423959563923385,0.11492525441722982,D0766,22,UPI,7,1.0302243616776674
31,1331.96,Delhi,C0767,1,Entertainment|Food,57867,0.091434157618388,0.5521364446202243,0.7817517279627499,CARD|UPI|NET_BANKING,SCN-002026-0767,LONGITUDINAL_BEHAVIOR,0.3377478978114392,0.13074707579675154,D0767,21,CARD,10,1.4282596237438299
40,2367.97,Mumbai,C0768,2,Entertainment|Electronics,98728,0.1082092674978246,0.5236975248918585,0.4273155538202803,UPI|CARD|NET_BANKING,SCN-002026-0768,TRANSACTION_ANOMALY,0.2772208558615594,0.2137212840708794,D0768,20,UPI,7,1.3263588271385742
28,1542.57,Mumbai,C0769,1,Electronics|Fuel,51314,0.10077934823397316,0.7456270543587447,0.7125323749159818,NET_BANKING|UPI|CARD,SCN-002026-0769,LONGITUDINAL_BEHAVIOR,0.14337740639341442,0.16321861478948105,D0769,23,NET_BANKING,6,0.7500358165365754
40,3096.87,Hyderabad,C0770,1,Fuel|Entertainment,103914,0.029744235006330548,0.6411572702625452,0.4518559432063691,CARD|UPI|NET_BANKING,SCN-002026-0770,KYC_IDENTITY,0.3262630676232515,0.21873054994189559,D0770,21,CARD,6,0.7025803126454847
66,3859.86,Mumbai,C0771,6,Electronics|Travel,148721,0.054246771586326806,0.4749327103527534,0.5361395531858248,UPI|CARD|NET_BANKING,SCN-002026-0771,CLASSIFIER_EVALUATION,0.1244099204833695,0.10278324216410263,D0771,20,UPI,9,1.108794349370702
69,3976.98,Hyderabad,C0772,5,Shopping|Electronics|Entertainment,166044,0.08450503019945504,0.556938689711525,0.20460962979519082,UPI|CARD|NET_BANKING,SCN-002026-0772,CLASSIFIER_EVALUATION,0.231671004312748,0.028685670956213404,D0772,21,UPI,7,0.8831962966090365
59,2785.02,Hyderabad,C0773,2,Entertainment|Shopping,125187,0.09499787107767581,0.8317379055237224,0.3458928652479367,NET_BANKING|UPI|CARD,SCN-002026-0773,TRANSACTION_ANOMALY,0.25414357850253166,0.03826075566200157,D0773,21,NET_BANKING,6,0.9234824366859065
37,3190.76,Hyderabad,C0774,3,Food|Electronics|Shopping,95848,0.08164973944711998,0.8446893212958568,0.6869230305559736,CARD|UPI|NET_BANKING,SCN-002026-0774,LONGITUDINAL_BEHAVIOR,0.255332850284678,0.0735314193194305,D0774,20,CARD,7,1.3576000823674295
41,2224.53,Mumbai,C0775,4,Electronics|Food|Fuel,97935,0.09861274581522567,0.8736193667385722,0.4601425514787638,UPI|CARD|NET_BANKING,SCN-002026-0775,LONGITUDINAL_BEHAVIOR,0.3349262871114087,0.12432898671394996,D0775,20,UPI,6,0.9664674503795541
58,4259.87,Pune,C0776,2,Shopping|Entertainment,128673,0.08822720414142994,0.7468001135911779,0.7852651882941204,NET_BANKING|UPI|CARD,SCN-002026-0776,KYC_IDENTITY,0.32051308663421085,0.21579243300785733,D0776,21,NET_BANKING,10,0.8534768957457328
63,3939.95,Pune,C0777,1,Entertainment|Travel|Shopping,138184,0.07966432223371633,0.5747852904493427,0.3864934131081619,UPI|CARD|NET_BANKING,SCN-002026-0777,KYC_IDENTITY,0.18116779114786513,0.15988471806186277,D0777,23,UPI,6,0.8235607385979276
64,2918.79,Bangalore,C0778,2,Shopping|Fuel,128912,0.07156621664969384,0.8319816824515521,0.5488577460002504,UPI|CARD|NET_BANKING,SCN-002026-0778,KYC_IDENTITY,0.24889979252940114,0.2394901634977685,D0778,21,UPI,7,1.158066972972431
67,3669.0,Mumbai,C0779,4,Travel|Electronics|Fuel,122629,0.10426658306087952,0.821556722670368,0.4852865476026307,UPI|CARD|NET_BANKING,SCN-002026-0779,LONGITUDINAL_BEHAVIOR,0.28896363558580773,0.24651324018312645,D0779,20,UPI,6,0.7969786984176244
44,2807.72,Delhi,C0780,4,Entertainment|Food,106253,0.044888147413695026,0.7372812573452008,0.557872541209781,UPI|CARD|NET_BANKING,SCN-002026-0780,COMMUNICATION_SCAM,0.31258000260489516,0.195494990124749,D0780,21,UPI,8,1.148394107112977
54,2910.03,Bangalore,C0781,2,Fuel|Travel,108077,0.0582080945265004,0.6627039052002497,0.47950351119075707,UPI|CARD|NET_BANKING,SCN-002026-0781,TRANSACTION_ANOMALY,0.23299215441476373,0.056947977595166066,D0781,23,UPI,9,1.231754265732167
63,2852.15,Pune,C0782,2,Travel|Electronics,108138,0.04222156747292182,0.6322359236359512,0.29501171439246787,CARD|UPI|NET_BANKING,SCN-002026-0782,TRANSACTION_ANOMALY,0.20219844724417027,0.21357343297308765,D0782,20,CARD,10,0.797375246468009
54,3582.49,Pune,C0783,3,Food|Entertainment,123509,0.11194997077183634,0.7612591281733014,0.7290145061335296,CARD|UPI|NET_BANKING,SCN-002026-0783,CLASSIFIER_EVALUATION,0.30947134894409667,0.11040171167328595,D0783,20,CARD,8,0.9311349694418751
36,2184.17,Hyderabad,C0784,1,Fuel|Travel,94825,0.04458194594102116,0.7935788890628432,0.21515632094828674,UPI|CARD|NET_BANKING,SCN-002026-0784,LONGITUDINAL_BEHAVIOR,0.226872001450086,0.06889745823647205,D0784,21,UPI,9,1.4203653033733212
26,2034.06,Pune,C0785,1,Electronics|Entertainment,77492,0.028959293034514604,0.8854020941095345,0.7061299677080897,NET_BANKING|UPI|CARD,SCN-002026-0785,LONGITUDINAL_BEHAVIOR,0.30166825860779045,0.11953893300635951,D0785,20,NET_BANKING,8,1.3286572532420824
21,1989.46,Mumbai,C0786,4,Travel|Food,69898,0.08658677133612355,0.46464421669999617,0.5966571920107719,UPI|CARD|NET_BANKING,SCN-002026-0786,LONGITUDINAL_BEHAVIOR,0.1824385149012071,0.19752405640160137,D0786,23,UPI,8,1.0229996156398944
46,2588.73,Mumbai,C0787,1,Entertainment|Shopping,93423,0.02880357671526837,0.8741884134043358,0.6467273703950216,CARD|UPI|NET_BANKING,SCN-002026-0787,COMMUNICATION_SCAM,0.13708642405937704,0.10630188196432046,D0787,22,CARD,6,1.0611282359824097
54,2196.33,Pune,C0788,2,Fuel|Travel|Food,97394,0.024737925018622035,0.7444866635561349,0.4056008269564715,UPI|CARD|NET_BANKING,SCN-002026-0788,LONGITUDINAL_BEHAVIOR,0.34159925867583696,0.034468218837277194,D0788,21,UPI,10,1.1402573799678988
32,1825.79,Bangalore,C0789,3,Food|Electronics,59090,0.07970663334660205,0.5521173628334761,0.5023675378769339,UPI|CARD|NET_BANKING,SCN-002026-0789,CLASSIFIER_EVALUATION,0.2682835037813933,0.20285267015424158,D0789,21,UPI,9,1.083375015914931
30,1935.08,Delhi,C0790,1,Entertainment|Shopping,80568,0.10069964687205017,0.593981752987019,0.5488270568266994,UPI|CARD|NET_BANKING,SCN-002026-0790,TRANSACTION_ANOMALY,0.18069703666999842,0.22585270981952466,D0790,20,UPI,7,0.9724106680401039
39,2474.48,Pune,C0791,3,Entertainment|Fuel,108590,0.09754304680457238,0.6967986097398333,0.7645221352350673,CARD|UPI|NET_BANKING,SCN-002026-0791,LONGITUDINAL_BEHAVIOR,0.1920526379586699,0.07825141865429845,D0791,20,CARD,7,1.185716772347568
44,2016.48,Bangalore,C0792,3,Food|Electronics,87786,0.1038569840820835,0.8796562645540246,0.20040918379185463,UPI|CARD|NET_BANKING,SCN-002026-0792,TRANSACTION_ANOMALY,0.17673407038860978,0.20308295823082467,D0792,22,UPI,7,0.7022933088517583
65,4037.96,Pune,C0793,5,Fuel|Shopping|Travel,147848,0.03970537375160382,0.5214574407468635,0.5781204350412861,CARD|UPI|NET_BANKING,SCN-002026-0793,COMMUNICATION_SCAM,0.2890723248772371,0.22655499801456397,D0793,20,CARD,7,1.4020817289101948
66,3914.0,Hyderabad,C0794,2,Travel|Fuel,110996,0.10140304794242483,0.7646843378792604,0.399383871749453,UPI|CARD|NET_BANKING,SCN-002026-0794,COMMUNICATION_SCAM,0.12647664354097285,0.2369129873426606,D0794,20,UPI,6,1.0122906772538662
25,982.14,Hyderabad,C0795,1,Travel|Shopping,42981,0.026118513205478092,0.5555742250352863,0.4796328383857517,NET_BANKING|UPI|CARD,SCN-002026-0795,LONGITUDINAL_BEHAVIOR,0.31743223738344706,0.050569868763889025,D0795,21,NET_BANKING,7,1.3337621958013577
25,1820.05,Delhi,C0796,1,Entertainment|Shopping|Food,73444,0.07667509222170535,0.8009028504414175,0.2323906891379582,UPI|CARD|NET_BANKING,SCN-002026-0796,TRANSACTION_ANOMALY,0.17746063756192712,0.027351326962133927,D0796,20,UPI,6,1.0396974763575795
66,4590.52,Delhi,C0797,2,Shopping|Fuel,141697,0.04873755173643433,0.6057428566904454,0.2353853289788599,UPI|CARD|NET_BANKING,SCN-002026-0797,KYC_IDENTITY,0.1966108365394768,0.10985543774700204,D0797,21,UPI,9,1.2565978418534907
70,4348.06,Mumbai,C0798,6,Food|Entertainment,155859,0.05485976131550861,0.7150689919326471,0.34765535740561493,CARD|UPI|NET_BANKING,SCN-002026-0798,KYC_IDENTITY,0.1582751840838687,0.22303591978100912,D0798,20,CARD,8,1.292455265816295
37,2071.21,Delhi,C0799,2,Shopping|Electronics,78376,0.09937367557086522,0.7176579586220319,0.3710473828111136,CARD|UPI|NET_BANKING,SCN-002026-0799,KYC_IDENTITY,0.2591719352008538,0.10783257979356549,D0799,22,CARD,6,0.7062725665665087
18,1296.9,Mumbai,C0800,1,Food|Electronics,56394,0.09100696993264173,0.8631042337555507,0.5988585382422229,UPI|CARD|NET_BANKING,SCN-002026-0800,TRANSACTION_ANOMALY,0.33113222066104275,0.07668830657209756,D0800,22,UPI,8,0.706884968665753
63,3217.8,Bangalore,C0801,4,Electronics|Shopping|Food,130540,0.09562131370939407,0.8884804177344763,0.41210846808761364,CARD|UPI|NET_BANKING,SCN-002026-0801,TRANSACTION_ANOMALY,0.15724256684431884,0.2384983519965004,D0801,23,CARD,8,1.440640208440883
37,1901.57,Bangalore,C0802,1,Entertainment|Food,77219,0.11774645017386381,0.4633394258392295,0.37462810226307364,CARD|UPI|NET_BANKING,SCN-002026-0802,TRANSACTION_ANOMALY,0.17058174569675089,0.21411662338365897,D0802,20,CARD,7,0.9281383110390595
63,2943.06,Bangalore,C0803,7,Shopping|Food|Travel,125912,0.06237357179917449,0.7509587264862698,0.2613598229280437,UPI|CARD|NET_BANKING,SCN-002026-0803,CLASSIFIER_EVALUATION,0.12312187431260917,0.14193410845073473,D0803,23,UPI,9,1.0790642408104079
45,2739.46,Hyderabad,C0804,2,Fuel|Entertainment,102312,0.06774259829371962,0.4598012764428935,0.33696505886615635,UPI|CARD|NET_BANKING,SCN-002026-0804,TRANSACTION_ANOMALY,0.27812448520749344,0.14801711672994972,D0804,20,UPI,8,1.3111484146262922
21,1672.57,Pune,C0805,3,Electronics|Fuel,47102,0.029759429732390458,0.6693147138346365,0.2509956598719641,UPI|CARD|NET_BANKING,SCN-002026-0805,KYC_IDENTITY,0.17880085075020474,0.132192546748363,D0805,23,UPI,6,0.8254311681709097
38,2871.38,Mumbai,C0806,4,Shopping|Electronics,104691,0.0446528408223978,0.48712363697088557,0.7395379541908718,NET_BANKING|UPI|CARD,SCN-002026-0806,LONGITUDINAL_BEHAVIOR,0.3288535770092413,0.12447620298237913,D0806,20,NET_BANKING,6,0.803353644596029
57,3285.43,Bangalore,C0807,2,Travel|Entertainment,131309,0.06962682979842391,0.6710757861193253,0.41030526729239397,UPI|CARD|NET_BANKING,SCN-002026-0807,TRANSACTION_ANOMALY,0.25117601428490477,0.19542406699444448,D0807,22,UPI,7,1.2263260858054652
47,2151.97,Delhi,C0808,5,Electronics|Food|Shopping,88681,0.06156277072549228,0.7372041436026249,0.3015642844506667,CARD|UPI|NET_BANKING,SCN-002026-0808,TRANSACTION_ANOMALY,0.20086032015494892,0.09440516846316448,D0808,21,CARD,6,1.2312308798587046
39,1659.61,Delhi,C0809,3,Travel|Entertainment|Electronics,73327,0.09862688814079726,0.5362705963003513,0.7336147408879476,CARD|UPI|NET_BANKING,SCN-002026-0809,COMMUNICATION_SCAM,0.17261351286560675,0.050117848237041546,D0809,22,CARD,6,0.9513795920961172
36,3112.69,Delhi,C0810,4,Shopping|Travel|Fuel,99702,0.07318916057228171,0.5077010623080501,0.7490968945808969,UPI|CARD|NET_BANKING,SCN-002026-0810,CLASSIFIER_EVALUATION,0.2565390125858562,0.08432210116701656,D0810,21,UPI,8,0.8045018331089603
42,3279.7,Pune,C0811,1,Electronics|Travel,106460,0.08953155437245995,0.711989909951994,0.6382861743743566,UPI|CARD|NET_BANKING,SCN-002026-0811,COMMUNICATION_SCAM,0.13301932959523707,0.21857499072540845,D0811,20,UPI,10,1.158867423288762
50,3906.52,Bangalore,C0812,3,Fuel|Travel|Shopping,112944,0.022887246702300218,0.5768236290097122,0.7552323674224899,UPI|CARD|NET_BANKING,SCN-002026-0812,LONGITUDINAL_BEHAVIOR,0.16388897671644842,0.08875261628473366,D0812,20,UPI,10,0.7767055566320203
56,3397.89,Delhi,C0813,2,Shopping|Travel|Fuel,122988,0.03504445629685185,0.47011748715003854,0.30722685253470017,CARD|UPI|NET_BANKING,SCN-002026-0813,TRANSACTION_ANOMALY,0.3208715293282919,0.18761697396532134,D0813,21,CARD,10,0.95417014098818
35,1674.02,Bangalore,C0814,1,Travel|Food|Fuel,61536,0.039556681521651024,0.7154866085730309,0.6429023619677734,NET_BANKING|UPI|CARD,SCN-002026-0814,CLASSIFIER_EVALUATION,0.13314264338557574,0.17996688271770053,D0814,20,NET_BANKING,6,1.481249366800474
65,3694.78,Delhi,C0815,6,Food|Electronics,140342,0.09150807964158163,0.46318147373469964,0.42850367256297617,NET_BANKING|UPI|CARD,SCN-002026-0815,LONGITUDINAL_BEHAVIOR,0.14677155752004425,0.06863650573626508,D0815,20,NET_BANKING,10,0.8364547981023879
52,2848.99,Delhi,C0816,3,Food|Fuel|Shopping,120639,0.11454184515277979,0.7039333444141374,0.26739159237579424,UPI|CARD|NET_BANKING,SCN-002026-0816,CLASSIFIER_EVALUATION,0.31971636917801183,0.2003504443697999,D0816,22,UPI,6,0.7066577063143518
30,1447.37,Bangalore,C0817,1,Food|Electronics|Travel,56348,0.03873128632082057,0.8330986229438485,0.7702138834764467,CARD|UPI|NET_BANKING,SCN-002026-0817,TRANSACTION_ANOMALY,0.2242350955370463,0.1597571609648027,D0817,20,CARD,7,1.1710317813158053
18,1175.66,Pune,C0818,1,Fuel|Shopping,46101,0.075903954437067,0.8392717789899913,0.3242077173013276,NET_BANKING|UPI|CARD,SCN-002026-0818,KYC_IDENTITY,0.22872558783692468,0.07600104963960241,D0818,23,NET_BANKING,6,0.7550281523128177
50,3374.6,Mumbai,C0819,1,Shopping|Fuel,116352,0.11426229754838295,0.5379504672233636,0.5509500802397153,CARD|UPI|NET_BANKING,SCN-002026-0819,COMMUNICATION_SCAM,0.25493366692841657,0.023681637483550115,D0819,22,CARD,8,1.374467409936377
53,3775.3,Bangalore,C0820,3,Food|Electronics,109925,0.10829778985127912,0.5829657750950218,0.4292999536738011,NET_BANKING|UPI|CARD,SCN-002026-0820,KYC_IDENTITY,0.21948841927703455,0.21109085439634023,D0820,22,NET_BANKING,10,1.1295556352396914
37,2936.32,Delhi,C0821,1,Entertainment|Travel,88564,0.0493047706336433,0.879652456421959,0.659318620100031,CARD|UPI|NET_BANKING,SCN-002026-0821,CLASSIFIER_EVALUATION,0.16388390512567189,0.12830464201971636,D0821,20,CARD,8,1.0739605898786675
18,1579.35,Delhi,C0822,1,Travel|Shopping,69731,0.049239622485561935,0.49183995943998227,0.5340869253763085,UPI|CARD|NET_BANKING,SCN-002026-0822,CLASSIFIER_EVALUATION,0.3332165126632955,0.05929256939099872,D0822,21,UPI,8,1.2939809443288655
34,2389.64,Bangalore,C0823,2,Electronics|Food,89937,0.039721509178843054,0.7842286041206403,0.24394848153358578,UPI|CARD|NET_BANKING,SCN-002026-0823,LONGITUDINAL_BEHAVIOR,0.22185343088192572,0.054023670772489776,D0823,21,UPI,8,1.113558362624463
33,2127.3,Delhi,C0824,2,Fuel|Travel|Shopping,77790,0.1090788901890925,0.6436976600867019,0.579388261423906,UPI|CARD|NET_BANKING,SCN-002026-0824,KYC_IDENTITY,0.18578933289022326,0.1032240079317874,D0824,21,UPI,7,0.9149425048743122
31,1822.91,Bangalore,C0825,1,Travel|Entertainment,74201,0.08592955842764867,0.8737778021770448,0.7951368697718602,UPI|CARD|NET_BANKING,SCN-002026-0825,CLASSIFIER_EVALUATION,0.2723165446263346,0.09416284649856849,D0825,21,UPI,6,0.7980196759104069
34,2142.65,Bangalore,C0826,1,Fuel|Shopping,71669,0.052590923521015284,0.8869822714036969,0.5360205817309862,UPI|CARD|NET_BANKING,SCN-002026-0826,CLASSIFIER_EVALUATION,0.22547134555228454,0.1092985892156795,D0826,23,UPI,6,1.154250458654169
19,1913.98,Hyderabad,C0827,1,Entertainment|Fuel,65274,0.0934480905833214,0.8141230848248016,0.6799396351705473,UPI|CARD|NET_BANKING,SCN-002026-0827,COMMUNICATION_SCAM,0.32392941155892796,0.059459848645023336,D0827,22,UPI,10,1.3144586739831203
55,3610.92,Mumbai,C0828,4,Shopping|Food,121074,0.037683469764615396,0.5550551157751985,0.6784238543928494,NET_BANKING|UPI|CARD,SCN-002026-0828,COMMUNICATION_SCAM,0.2267430435033727,0.021890032012586335,D0828,22,NET_BANKING,8,0.7232738645392642
20,1402.71,Delhi,C0829,3,Entertainment|Travel|Shopping,60372,0.11307569720025021,0.8392422828648549,0.5462712295195256,UPI|CARD|NET_BANKING,SCN-002026-0829,TRANSACTION_ANOMALY,0.3224299763207096,0.2200788351858844,D0829,21,UPI,8,0.9816443100219682
18,912.87,Mumbai,C0830,1,Shopping|Food|Fuel,32831,0.04552896987129784,0.5879896064685761,0.4160771098780625,CARD|UPI|NET_BANKING,SCN-002026-0830,LONGITUDINAL_BEHAVIOR,0.16061651899127546,0.14042815028144884,D0830,20,CARD,7,1.217543050733961
20,1624.07,Bangalore,C0831,2,Entertainment|Fuel,62529,0.02716337474694445,0.8861246454967391,0.31629439617334204,CARD|UPI|NET_BANKING,SCN-002026-0831,KYC_IDENTITY,0.33025420567249864,0.0694683396714984,D0831,22,CARD,10,0.8092041817984814
34,2728.93,Pune,C0832,3,Food|Shopping,104635,0.08310557032433953,0.8193260182998775,0.33975354788945455,CARD|UPI|NET_BANKING,SCN-002026-0832,KYC_IDENTITY,0.3101790529269943,0.028782503062411077,D0832,23,CARD,9,1.0247833557187584
31,1011.97,Mumbai,C0833,1,Food|Shopping,43210,0.042822321623179796,0.7197953980640706,0.562249422442498,CARD|UPI|NET_BANKING,SCN-002026-0833,CLASSIFIER_EVALUATION,0.17177945297979136,0.23062299448364826,D0833,22,CARD,10,1.024574707867961
64,3168.16,Mumbai,C0834,5,Fuel|Entertainment,125479,0.07241969568172518,0.8835699550557563,0.30798936429303747,UPI|CARD|NET_BANKING,SCN-002026-0834,KYC_IDENTITY,0.32909266788652203,0.09370092188906115,D0834,22,UPI,10,0.7527521500886782
45,1583.22,Delhi,C0835,1,Food|Travel|Electronics,68299,0.06502085790432333,0.5879108315512032,0.277235055306563,UPI|CARD|NET_BANKING,SCN-002026-0835,LONGITUDINAL_BEHAVIOR,0.2773951621143074,0.05474883755812031,D0835,23,UPI,6,0.8597721168914378
61,2685.67,Pune,C0836,3,Shopping|Food|Travel,117984,0.023029692057325805,0.5001636684259418,0.22041010111576687,NET_BANKING|UPI|CARD,SCN-002026-0836,KYC_IDENTITY,0.14870153228696656,0.06861763731989873,D0836,20,NET_BANKING,7,1.1085378538337118
26,1884.78,Bangalore,C0837,1,Fuel|Electronics,53161,0.10649025105317811,0.5954441058290451,0.3766656802496734,UPI|CARD|NET_BANKING,SCN-002026-0837,KYC_IDENTITY,0.3426382605116769,0.028831666706805523,D0837,23,UPI,7,1.4806009369683695
26,1791.08,Delhi,C0838,1,Travel|Shopping|Fuel,58169,0.06550856915174272,0.5226944715733766,0.7524635939465107,UPI|CARD|NET_BANKING,SCN-002026-0838,KYC_IDENTITY,0.15711616252634691,0.028565569001255356,D0838,21,UPI,8,1.1082015306369293
56,3765.38,Mumbai,C0839,4,Food|Shopping,110554,0.07987680189498278,0.5217919103210069,0.7846702127930467,UPI|CARD|NET_BANKING,SCN-002026-0839,LONGITUDINAL_BEHAVIOR,0.16463174647498546,0.07085402317253378,D0839,20,UPI,6,1.3623605078278005
52,3759.19,Pune,C0840,5,Fuel|Shopping,126880,0.02565192094645266,0.6349214892476573,0.4188387247570757,UPI|CARD|NET_BANKING,SCN-002026-0840,COMMUNICATION_SCAM,0.29411548951260674,0.17468509477660352,D0840,23,UPI,9,1.0697223148625814
68,3970.94,Mumbai,C0841,5,Food|Shopping|Fuel,146501,0.056569222452558424,0.870894104572177,0.6210966185709199,NET_BANKING|UPI|CARD,SCN-002026-0841,COMMUNICATION_SCAM,0.18368178220010606,0.2299218075185444,D0841,20,NET_BANKING,8,1.4654523832364243
58,3609.28,Bangalore,C0842,4,Electronics|Shopping|Fuel,114817,0.10908035100900709,0.7875208151537334,0.5108009934994059,UPI|CARD|NET_BANKING,SCN-002026-0842,COMMUNICATION_SCAM,0.20797610773843433,0.2425178240794503,D0842,23,UPI,6,0.8674651712877766
63,4126.49,Hyderabad,C0843,2,Food|Fuel|Shopping,136603,0.04604962134710201,0.7907238980559188,0.3047068808701508,CARD|UPI|NET_BANKING,SCN-002026-0843,KYC_IDENTITY,0.2248343308773323,0.17339115160307536,D0843,20,CARD,9,1.3275401258235544
32,1817.09,Hyderabad,C0844,4,Travel|Entertainment,79168,0.09030889027569576,0.8452676656387118,0.5083915452630241,UPI|CARD|NET_BANKING,SCN-002026-0844,CLASSIFIER_EVALUATION,0.2619900353868472,0.18271239108031817,D0844,21,UPI,6,1.2073543882585678
21,1547.98,Mumbai,C0845,1,Electronics|Shopping,50172,0.09350632952690385,0.7155878434345622,0.6726077466744087,UPI|CARD|NET_BANKING,SCN-002026-0845,CLASSIFIER_EVALUATION,0.1361765267025361,0.11346949324912406,D0845,22,UPI,7,1.148909432728116
58,2888.47,Bangalore,C0846,5,Food|Entertainment,107381,0.10763118633270644,0.6078329626911194,0.7673988626993307,CARD|UPI|NET_BANKING,SCN-002026-0846,KYC_IDENTITY,0.3231059875370288,0.03686408319372314,D0846,20,CARD,7,1.3673200975905715
52,2991.99,Delhi,C0847,5,Travel|Food|Fuel,124711,0.020155631310034342,0.5704428865145796,0.5510683430587648,UPI|CARD|NET_BANKING,SCN-002026-0847,LONGITUDINAL_BEHAVIOR,0.33889041118375934,0.07542150019282384,D0847,20,UPI,8,1.1497806852497205
40,2160.63,Delhi,C0848,2,Fuel|Travel|Entertainment,89258,0.08468022632034215,0.7555379514419065,0.22053995467307308,UPI|CARD|NET_BANKING,SCN-002026-0848,LONGITUDINAL_BEHAVIOR,0.2750559748875795,0.16614064106655155,D0848,22,UPI,7,1.4971504397694568
50,3235.37,Mumbai,C0849,4,Food|Electronics|Entertainment,117881,0.05550452111226037,0.8896211017144082,0.33588069403382637,CARD|UPI|NET_BANKING,SCN-002026-0849,TRANSACTION_ANOMALY,0.3302923618235704,0.20000965764063597,D0849,22,CARD,10,1.4787435421133592
29,1804.99,Delhi,C0850,1,Fuel|Entertainment,79698,0.11704052231076853,0.682142332853309,0.7089643792513238,UPI|CARD|NET_BANKING,SCN-002026-0850,TRANSACTION_ANOMALY,0.21258559923947085,0.2314215872432383,D0850,21,UPI,10,0.7174525133211883
52,3372.57,Pune,C0851,2,Fuel|Shopping,109429,0.08557554869488908,0.697702275478675,0.2839812629147188,CARD|UPI|NET_BANKING,SCN-002026-0851,TRANSACTION_ANOMALY,0.2549319757664064,0.14199357192966652,D0851,23,CARD,10,1.0021206363880333
24,1595.07,Delhi,C0852,2,Entertainment|Fuel,66665,0.05097258984238599,0.7310643792009159,0.6539923058763245,NET_BANKING|UPI|CARD,SCN-002026-0852,COMMUNICATION_SCAM,0.3008821971780452,0.03988642913298991,D0852,21,NET_BANKING,6,1.4123191673593378
64,3161.86,Delhi,C0853,1,Fuel|Entertainment,111794,0.037283754009264605,0.7267439118754819,0.26232067656895636,CARD|UPI|NET_BANKING,SCN-002026-0853,CLASSIFIER_EVALUATION,0.2683901077770874,0.21571471733500971,D0853,22,CARD,10,1.3574473549845354
58,3999.79,Delhi,C0854,2,Entertainment|Travel|Shopping,120068,0.0473630870781254,0.8237273041476922,0.5853990485936873,CARD|UPI|NET_BANKING,SCN-002026-0854,COMMUNICATION_SCAM,0.27028631162782724,0.18901738492662554,D0854,20,CARD,7,0.8565050002993123
55,3574.41,Delhi,C0855,1,Entertainment|Fuel,114700,0.07170677627525966,0.8956576338568478,0.5216990152715901,CARD|UPI|NET_BANKING,SCN-002026-0855,COMMUNICATION_SCAM,0.2017685799781641,0.21757967745729787,D0855,20,CARD,10,1.2791917736226988
33,2467.43,Pune,C0856,3,Food|Entertainment,90007,0.1151094518710649,0.6759175562138039,0.29436836555294055,UPI|CARD|NET_BANKING,SCN-002026-0856,KYC_IDENTITY,0.22922199323681997,0.09203150172132414,D0856,23,UPI,10,1.2960508557518389
61,3541.17,Mumbai,C0857,3,Electronics|Entertainment,142134,0.04352029179208198,0.8370706492333558,0.6363180261884362,CARD|UPI|NET_BANKING,SCN-002026-0857,CLASSIFIER_EVALUATION,0.1903876221492717,0.023709900428341504,D0857,21,CARD,6,1.3130924480652164
47,3388.85,Mumbai,C0858,3,Entertainment|Travel|Food,101666,0.07275438050134861,0.47951152805386843,0.5555489147572656,NET_BANKING|UPI|CARD,SCN-002026-0858,CLASSIFIER_EVALUATION,0.24185699268426047,0.04371138446710752,D0858,20,NET_BANKING,10,1.021778760534347
39,2970.3,Mumbai,C0859,2,Shopping|Entertainment,98189,0.05219364927712773,0.8843148500768986,0.7016934988747094,UPI|CARD|NET_BANKING,SCN-002026-0859,CLASSIFIER_EVALUATION,0.1275185370580115,0.24763713558884334,D0859,20,UPI,6,1.3101521231609383
63,4491.89,Delhi,C0860,3,Electronics|Shopping,147530,0.07596955547979775,0.6776834793801431,0.3095405071140825,CARD|UPI|NET_BANKING,SCN-002026-0860,LONGITUDINAL_BEHAVIOR,0.27214782029270834,0.15806182442571756,D0860,21,CARD,8,1.4232423095180518
42,2323.74,Pune,C0861,1,Travel|Electronics,85712,0.05921661585353198,0.5091102298521027,0.22754714837260362,NET_BANKING|UPI|CARD,SCN-002026-0861,KYC_IDENTITY,0.2901982288080517,0.1806800416369874,D0861,20,NET_BANKING,9,1.0981313350343536
29,1952.94,Hyderabad,C0862,1,Shopping|Electronics,80016,0.054384251448785545,0.805602989355227,0.2167962131551973,CARD|UPI|NET_BANKING,SCN-002026-0862,CLASSIFIER_EVALUATION,0.21637333800867897,0.10840525421143371,D0862,22,CARD,6,1.350339075190812
49,2725.37,Mumbai,C0863,1,Food|Shopping,95700,0.10973989445405294,0.6103553431424564,0.4330322614055108,NET_BANKING|UPI|CARD,SCN-002026-0863,CLASSIFIER_EVALUATION,0.2931976950197781,0.1795053830290474,D0863,21,NET_BANKING,8,1.0413339628254301
32,1555.1,Delhi,C0864,3,Fuel|Shopping,64942,0.07341860309431736,0.7964350350653195,0.2399662682964721,UPI|CARD|NET_BANKING,SCN-002026-0864,KYC_IDENTITY,0.23063580758024443,0.1871866290820773,D0864,22,UPI,9,1.3951130415867559
38,3137.05,Mumbai,C0865,3,Fuel|Electronics,111321,0.02310403912842796,0.7586888119076355,0.7429125231329212,CARD|UPI|NET_BANKING,SCN-002026-0865,COMMUNICATION_SCAM,0.2995542982734759,0.1549669610264251,D0865,20,CARD,6,0.7313521387469666
51,2146.06,Bangalore,C0866,2,Food|Fuel|Shopping,86451,0.10357172215095285,0.7910596384385322,0.5354996675140564,UPI|CARD|NET_BANKING,SCN-002026-0866,LONGITUDINAL_BEHAVIOR,0.14033645279348556,0.020663466158491264,D0866,21,UPI,7,1.1208793132183696
46,2826.06,Delhi,C0867,4,Electronics|Shopping,115165,0.060880202878360545,0.4840364375007778,0.44389118671387934,CARD|UPI|NET_BANKING,SCN-002026-0867,KYC_IDENTITY,0.3466433887302305,0.04403640168248929,D0867,22,CARD,6,1.124452683440681
18,1536.79,Bangalore,C0868,1,Electronics|Fuel,43816,0.04093274427677736,0.48971475844689216,0.7432505568646262,CARD|UPI|NET_BANKING,SCN-002026-0868,KYC_IDENTITY,0.1239630793715031,0.059387184766550485,D0868,23,CARD,8,1.4014684436511895
18,969.17,Delhi,C0869,2,Food|Shopping,32573,0.030772526976187535,0.8726675963105245,0.5771973715610812,UPI|CARD|NET_BANKING,SCN-002026-0869,CLASSIFIER_EVALUATION,0.2906089935903325,0.06713266993233093,D0869,22,UPI,6,0.8565088461354028
22,1973.14,Bangalore,C0870,1,Entertainment|Food|Fuel,74077,0.10520107512847726,0.8387689172876838,0.6355432505018599,CARD|UPI|NET_BANKING,SCN-002026-0870,KYC_IDENTITY,0.30479880984065416,0.23034602086755976,D0870,22,CARD,10,1.1909572986077106
56,3199.08,Bangalore,C0871,2,Electronics|Travel,123303,0.02851746200568092,0.6868378703396836,0.42826171789123363,UPI|CARD|NET_BANKING,SCN-002026-0871,LONGITUDINAL_BEHAVIOR,0.16725391642807852,0.13766291101686204,D0871,23,UPI,9,1.4035420752850176
30,1427.08,Delhi,C0872,4,Travel|Shopping,57506,0.042489743894858024,0.6639924658886773,0.49921869195650415,NET_BANKING|UPI|CARD,SCN-002026-0872,KYC_IDENTITY,0.29221303461763887,0.20407863708287502,D0872,20,NET_BANKING,10,0.7914050373222149
65,3507.16,Pune,C0873,2,Entertainment|Shopping,110224,0.02703026326832106,0.6059297086600641,0.60294748618887,CARD|UPI|NET_BANKING,SCN-002026-0873,LONGITUDINAL_BEHAVIOR,0.16005254062703397,0.23830008064191538,D0873,23,CARD,8,1.0340941266789445
19,1391.77,Hyderabad,C0874,1,Food|Entertainment,49129,0.0424143121355324,0.5944712132460186,0.44049635968691675,NET_BANKING|UPI|CARD,SCN-002026-0874,KYC_IDENTITY,0.1682827767293383,0.13979095648094636,D0874,22,NET_BANKING,7,1.3376763225347992
47,3392.08,Pune,C0875,1,Entertainment|Food,107147,0.09039979609154067,0.7159655956170674,0.3553480503379961,CARD|UPI|NET_BANKING,SCN-002026-0875,LONGITUDINAL_BEHAVIOR,0.12777259426909202,0.07769148821436007,D0875,23,CARD,8,1.0715505916388537
48,3094.93,Delhi,C0876,4,Electronics|Shopping,115168,0.11617312350488979,0.8976888191114514,0.5844590401875229,CARD|UPI|NET_BANKING,SCN-002026-0876,LONGITUDINAL_BEHAVIOR,0.32415030471640405,0.13346079708433273,D0876,21,CARD,9,0.9202331053327781
47,3556.51,Pune,C0877,3,Entertainment|Travel|Food,108858,0.04904712916187812,0.746064514166793,0.7294284307501326,NET_BANKING|UPI|CARD,SCN-002026-0877,TRANSACTION_ANOMALY,0.23346088826452363,0.032181158238069794,D0877,22,NET_BANKING,7,0.9176464781064438
23,1301.83,Bangalore,C0878,1,Food|Fuel|Shopping,41693,0.11115884995905873,0.6975832573684774,0.6969200219422493,CARD|UPI|NET_BANKING,SCN-002026-0878,CLASSIFIER_EVALUATION,0.14526454238274167,0.11038673023540868,D0878,22,CARD,10,0.8572943142912967
44,2576.53,Mumbai,C0879,4,Fuel|Shopping,107040,0.06379625861654611,0.5619784166212494,0.44381608960902386,NET_BANKING|UPI|CARD,SCN-002026-0879,COMMUNICATION_SCAM,0.13340498773636422,0.04886587098057873,D0879,21,NET_BANKING,6,1.3168878694442971
61,3187.03,Bangalore,C0880,3,Travel|Electronics,118673,0.08397126668380651,0.683654514189193,0.7051903246577966,CARD|UPI|NET_BANKING,SCN-002026-0880,KYC_IDENTITY,0.19518215639776137,0.18346620630925295,D0880,23,CARD,9,0.920983950545687
34,1241.66,Hyderabad,C0881,2,Shopping|Electronics|Entertainment,52226,0.1180038917678681,0.566395833886608,0.6382528614293204,UPI|CARD|NET_BANKING,SCN-002026-0881,TRANSACTION_ANOMALY,0.17044880216168073,0.08740567945230149,D0881,20,UPI,6,0.9664308194911179
69,4314.74,Bangalore,C0882,4,Fuel|Entertainment,138192,0.07351029596306988,0.6347332209013896,0.59604054933283,CARD|UPI|NET_BANKING,SCN-002026-0882,KYC_IDENTITY,0.3184475483575084,0.20891166110751502,D0882,20,CARD,6,0.9258744897711773
31,3052.42,Delhi,C0883,3,Food|Electronics,89154,0.11580715193516938,0.5388504998118384,0.20535644180907558,CARD|UPI|NET_BANKING,SCN-002026-0883,KYC_IDENTITY,0.23351949115620677,0.08991120535866093,D0883,23,CARD,8,0.833493432185812
36,2149.4,Mumbai,C0884,1,Shopping|Fuel,75765,0.06652037884164423,0.8105342293337299,0.7201160978466585,UPI|CARD|NET_BANKING,SCN-002026-0884,LONGITUDINAL_BEHAVIOR,0.1910331303758211,0.07098944067474187,D0884,23,UPI,10,1.1378734590519377
19,1230.02,Delhi,C0885,2,Electronics|Food|Travel,41718,0.07880962351509745,0.8418111022096691,0.20493673400165935,UPI|CARD|NET_BANKING,SCN-002026-0885,LONGITUDINAL_BEHAVIOR,0.2715934311934308,0.031264714962777544,D0885,21,UPI,8,1.4856719552183248
50,2668.07,Pune,C0886,3,Food|Travel,106110,0.07055218415215342,0.5919429508642975,0.7209055044250714,CARD|UPI|NET_BANKING,SCN-002026-0886,CLASSIFIER_EVALUATION,0.20927146319994316,0.06981158695701094,D0886,22,CARD,9,1.468713964256724
18,1278.27,Bangalore,C0887,1,Fuel|Entertainment,45279,0.09742223666101234,0.5807399801444875,0.6782016171957694,UPI|CARD|NET_BANKING,SCN-002026-0887,LONGITUDINAL_BEHAVIOR,0.2977953029544617,0.12326220830887993,D0887,22,UPI,6,0.9456158583101728
44,3555.78,Pune,C0888,5,Shopping|Entertainment,99645,0.09048966680640337,0.8778029300060776,0.6571574427344147,CARD|UPI|NET_BANKING,SCN-002026-0888,KYC_IDENTITY,0.2577205902319465,0.04773287939616554,D0888,20,CARD,9,1.3368779923880525
63,4131.99,Pune,C0889,5,Food|Shopping|Electronics,134297,0.06685672080929647,0.454141347901252,0.6972319454461371,UPI|CARD|NET_BANKING,SCN-002026-0889,LONGITUDINAL_BEHAVIOR,0.12804530331491906,0.2456272996781002,D0889,23,UPI,10,0.9835925967302441
46,3277.96,Pune,C0890,4,Travel|Electronics|Entertainment,114647,0.07850022916169207,0.5479923404636522,0.24118385854178281,NET_BANKING|UPI|CARD,SCN-002026-0890,TRANSACTION_ANOMALY,0.16666345480354414,0.18247242113218365,D0890,20,NET_BANKING,6,0.9344906346877094
53,4119.02,Delhi,C0891,4,Food|Entertainment,143219,0.0545726845164993,0.8034131690528845,0.41090045969351113,NET_BANKING|UPI|CARD,SCN-002026-0891,CLASSIFIER_EVALUATION,0.33305074512231136,0.18047682520171057,D0891,20,NET_BANKING,10,1.0478114743047917
25,1727.47,Pune,C0892,2,Food|Shopping|Electronics,72749,0.039384338116981936,0.7532209700211838,0.31438255079895755,UPI|CARD|NET_BANKING,SCN-002026-0892,TRANSACTION_ANOMALY,0.12598049460649643,0.04840299266732859,D0892,22,UPI,8,1.1919797572210515
28,2089.02,Mumbai,C0893,1,Electronics|Fuel|Entertainment,79945,0.0772248006621427,0.8895111047228763,0.6882944345660889,UPI|CARD|NET_BANKING,SCN-002026-0893,LONGITUDINAL_BEHAVIOR,0.13254747913680512,0.24530862651236002,D0893,23,UPI,6,1.022888168184155
27,2358.8,Hyderabad,C0894,1,Travel|Shopping,70258,0.10716663605765439,0.6345646435870199,0.26546540462990087,UPI|CARD|NET_BANKING,SCN-002026-0894,COMMUNICATION_SCAM,0.17276381934212917,0.2007786471095792,D0894,20,UPI,10,1.2097248877726166
44,2678.57,Hyderabad,C0895,1,Travel|Electronics,105509,0.03193635227202449,0.5395455995577315,0.2742916464995954,CARD|UPI|NET_BANKING,SCN-002026-0895,KYC_IDENTITY,0.3384356569555773,0.10144492475072917,D0895,22,CARD,7,0.9234164198274016
33,2504.15,Hyderabad,C0896,2,Food|Travel|Entertainment,106577,0.04658362929346809,0.6694426680517632,0.6352557748151078,UPI|CARD|NET_BANKING,SCN-002026-0896,CLASSIFIER_EVALUATION,0.16656109636846184,0.13502874560301142,D0896,22,UPI,6,1.078121517540988
21,1903.05,Delhi,C0897,1,Travel|Entertainment,61341,0.039678300746080294,0.6806132084013691,0.20070687170158555,CARD|UPI|NET_BANKING,SCN-002026-0897,CLASSIFIER_EVALUATION,0.34554198551431015,0.134815508570137,D0897,20,CARD,8,0.8804851312970172
67,3567.79,Bangalore,C0898,3,Entertainment|Travel|Fuel,127690,0.02652290433455578,0.7572340734604174,0.701764897747321,UPI|CARD|NET_BANKING,SCN-002026-0898,KYC_IDENTITY,0.18630594976038753,0.18204491606837875,D0898,22,UPI,8,0.800008732411825
22,1983.94,Delhi,C0899,2,Shopping|Entertainment,59642,0.10480031858481452,0.877902977396419,0.7306828234575407,UPI|CARD|NET_BANKING,SCN-002026-0899,CLASSIFIER_EVALUATION,0.1509864002727764,0.20577057725716769,D0899,22,UPI,9,0.9248277722965278
39,2030.17,Delhi,C0900,1,Food|Travel,67237,0.08659094960985894,0.4858397090737365,0.7586790576597704,CARD|UPI|NET_BANKING,SCN-002026-0900,KYC_IDENTITY,0.3136414854501212,0.15181299190368258,D0900,22,CARD,9,1.4139057134567605
54,2961.72,Hyderabad,C0901,4,Food|Entertainment,101098,0.05255570555696237,0.8646350910031227,0.7297189045656902,UPI|CARD|NET_BANKING,SCN-002026-0901,KYC_IDENTITY,0.2965823622360746,0.2297637907821221,D0901,22,UPI,6,1.437940667283935
56,2190.95,Delhi,C0902,3,Shopping|Travel,97112,0.06649872481241505,0.659107179779635,0.6612894061889931,CARD|UPI|NET_BANKING,SCN-002026-0902,CLASSIFIER_EVALUATION,0.2860287310723645,0.07310307670187839,D0902,23,CARD,8,1.4402172007853642
38,2685.18,Bangalore,C0903,3,Shopping|Entertainment,97695,0.08362435326276169,0.7395471564870768,0.7518892857026747,UPI|CARD|NET_BANKING,SCN-002026-0903,CLASSIFIER_EVALUATION,0.19108854248619228,0.19450109031610371,D0903,22,UPI,9,0.970490258718179
62,3033.75,Pune,C0904,3,Fuel|Electronics,113421,0.10527347924689791,0.7827911462444007,0.6647203037541184,CARD|UPI|NET_BANKING,SCN-002026-0904,COMMUNICATION_SCAM,0.2008132670008597,0.06104023573949775,D0904,23,CARD,7,1.1048832810318796
60,2889.38,Mumbai,C0905,2,Electronics|Travel,122701,0.020298069922344203,0.531623218069328,0.6703082586894767,CARD|UPI|NET_BANKING,SCN-002026-0905,KYC_IDENTITY,0.21373580995810765,0.23810426265016132,D0905,22,CARD,10,0.737336800424808
37,2464.56,Mumbai,C0906,2,Electronics|Entertainment|Food,96617,0.07827992291198099,0.7125194058054475,0.7072013952184006,NET_BANKING|UPI|CARD,SCN-002026-0906,KYC_IDENTITY,0.23960114549734376,0.09449429076463463,D0906,21,NET_BANKING,7,0.8831270985063306
63,4930.54,Bangalore,C0907,3,Electronics|Fuel|Food,138791,0.046621098738561274,0.8485864056040322,0.39776115837827947,NET_BANKING|UPI|CARD,SCN-002026-0907,CLASSIFIER_EVALUATION,0.2057635253498473,0.12300340540857987,D0907,22,NET_BANKING,8,1.2234785468783227
41,2669.55,Delhi,C0908,2,Food|Fuel,94547,0.06599578285554786,0.5609431422223043,0.4738763357439573,CARD|UPI|NET_BANKING,SCN-002026-0908,CLASSIFIER_EVALUATION,0.24767504233394771,0.14003604982194184,D0908,23,CARD,10,1.2082984419053053
31,2296.71,Pune,C0909,3,Food|Shopping,86932,0.05646070540986495,0.6535125625870923,0.2289774361592613,UPI|CARD|NET_BANKING,SCN-002026-0909,LONGITUDINAL_BEHAVIOR,0.19165003119813578,0.1805575259699987,D0909,20,UPI,7,1.4862385628351626
68,4150.67,Hyderabad,C0910,3,Travel|Shopping|Entertainment,127440,0.02965102642862755,0.8460868269899761,0.7288366823960872,UPI|CARD|NET_BANKING,SCN-002026-0910,CLASSIFIER_EVALUATION,0.3053645793925266,0.07198776264995181,D0910,21,UPI,9,1.1984536237156522
44,2882.2,Delhi,C0911,3,Entertainment|Travel|Shopping,90837,0.06948801633037441,0.4791256616570233,0.6245113634225359,CARD|UPI|NET_BANKING,SCN-002026-0911,LONGITUDINAL_BEHAVIOR,0.23624999214863684,0.06385725419460075,D0911,22,CARD,7,0.8989389420745142
24,1660.12,Mumbai,C0912,2,Travel|Entertainment,74419,0.06417143027902635,0.7721842517234554,0.5145458844637276,NET_BANKING|UPI|CARD,SCN-002026-0912,CLASSIFIER_EVALUATION,0.24033830977625134,0.17057442509117363,D0912,23,NET_BANKING,9,1.2534143080271751
55,2901.68,Pune,C0913,5,Shopping|Fuel|Entertainment,122033,0.09857849953190399,0.6459426954370489,0.5695817237021211,UPI|CARD|NET_BANKING,SCN-002026-0913,KYC_IDENTITY,0.33411925739745474,0.08056333133153033,D0913,22,UPI,7,1.4222768281599039
36,2526.13,Hyderabad,C0914,1,Food|Travel|Entertainment,80559,0.10820400810989392,0.6800753027105643,0.25167301113391966,UPI|CARD|NET_BANKING,SCN-002026-0914,KYC_IDENTITY,0.2763704076218546,0.05287364885183651,D0914,20,UPI,10,0.7241857014442719
29,2742.49,Bangalore,C0915,2,Shopping|Food,96145,0.09534308345942939,0.8884996048991205,0.4610757677123082,CARD|UPI|NET_BANKING,SCN-002026-0915,TRANSACTION_ANOMALY,0.15517058091200742,0.24781519318713371,D0915,22,CARD,9,1.1599868291993758
58,2493.53,Pune,C0916,2,Shopping|Entertainment|Fuel,109776,0.05171378160640286,0.8266519687856713,0.4745838629672292,UPI|CARD|NET_BANKING,SCN-002026-0916,CLASSIFIER_EVALUATION,0.20794578655349508,0.21451572236367514,D0916,21,UPI,8,0.8009854418312177
45,4294.09,Hyderabad,C0917,3,Fuel|Food,121861,0.09070586937252388,0.6296345758208932,0.497604510285684,CARD|UPI|NET_BANKING,SCN-002026-0917,KYC_IDENTITY,0.14712446250859434,0.11901839408364806,D0917,22,CARD,6,1.2898594695014003
56,3375.3,Hyderabad,C0918,4,Electronics|Fuel|Shopping,120119,0.09874035289938438,0.7871375678923297,0.7346414468046634,CARD|UPI|NET_BANKING,SCN-002026-0918,KYC_IDENTITY,0.2680677190283018,0.04991331061900976,D0918,22,CARD,10,1.0564720673249293
44,3457.95,Hyderabad,C0919,2,Electronics|Food,113052,0.043878321621505935,0.6474873052826937,0.29045701105292765,UPI|CARD|NET_BANKING,SCN-002026-0919,KYC_IDENTITY,0.32273188803645125,0.10409964601735014,D0919,23,UPI,9,0.7941795829350239
20,928.35,Pune,C0920,4,Electronics|Food,31662,0.11680856598449071,0.4616722842132055,0.27424353195631906,UPI|CARD|NET_BANKING,SCN-002026-0920,CLASSIFIER_EVALUATION,0.17320765459576998,0.04655694371238797,D0920,22,UPI,6,1.0359097229451866
38,2363.19,Pune,C0921,2,Electronics|Entertainment,98988,0.06314383209284688,0.7688303401495304,0.7664372524879157,NET_BANKING|UPI|CARD,SCN-002026-0921,KYC_IDENTITY,0.2778924032671575,0.03893170458974471,D0921,22,NET_BANKING,10,1.2131658661382243
48,2088.86,Pune,C0922,1,Food|Travel|Shopping,77811,0.07994526636173378,0.5942335396766112,0.7643421902040464,CARD|UPI|NET_BANKING,SCN-002026-0922,TRANSACTION_ANOMALY,0.16416778887161912,0.13189414160672072,D0922,20,CARD,6,1.0545410281283987
41,2279.95,Mumbai,C0923,5,Entertainment|Travel|Shopping,98413,0.0996397405355408,0.730068689340047,0.5951991780504086,UPI|CARD|NET_BANKING,SCN-002026-0923,KYC_IDENTITY,0.3358514920482685,0.21522486052204015,D0923,22,UPI,10,0.9703454926847666
58,3795.94,Bangalore,C0924,4,Food|Electronics,109049,0.05889911084593734,0.6394485135674827,0.5607446871485569,UPI|CARD|NET_BANKING,SCN-002026-0924,KYC_IDENTITY,0.18991802844538178,0.20549291849927462,D0924,23,UPI,7,0.8315296030237659
28,2022.75,Pune,C0925,2,Fuel|Food|Electronics,67222,0.03229299829611019,0.7676727368559333,0.6909767612680877,CARD|UPI|NET_BANKING,SCN-002026-0925,COMMUNICATION_SCAM,0.12807837316064935,0.09653041733035575,D0925,21,CARD,9,1.2510560662092765
21,2412.94,Mumbai,C0926,2,Food|Shopping|Entertainment,78486,0.11132310984603695,0.8922507454317152,0.7756982444287648,CARD|UPI|NET_BANKING,SCN-002026-0926,COMMUNICATION_SCAM,0.2108232351869303,0.04289990600553531,D0926,20,CARD,6,1.2167865349121474
45,3272.36,Hyderabad,C0927,2,Travel|Entertainment,109020,0.08476442843866853,0.7150971400785263,0.2754990887243041,UPI|CARD|NET_BANKING,SCN-002026-0927,LONGITUDINAL_BEHAVIOR,0.22899732693610828,0.23697163994641224,D0927,22,UPI,6,0.8265722480174924
25,1704.88,Delhi,C0928,1,Food|Electronics,73884,0.10878246166281291,0.8712638641306949,0.7472757198118141,NET_BANKING|UPI|CARD,SCN-002026-0928,CLASSIFIER_EVALUATION,0.28228069073224676,0.1338170967582426,D0928,21,NET_BANKING,6,1.4534852212103524
46,2718.12,Hyderabad,C0929,1,Entertainment|Food|Electronics,99888,0.04390476787583926,0.8427694025663572,0.6655026278990848,UPI|CARD|NET_BANKING,SCN-002026-0929,TRANSACTION_ANOMALY,0.26991407566179304,0.10657868166035545,D0929,21,UPI,7,1.299491423901832
31,2002.87,Delhi,C0930,2,Shopping|Food,66332,0.04830523332723385,0.6046867443163645,0.310621292570609,UPI|CARD|NET_BANKING,SCN-002026-0930,COMMUNICATION_SCAM,0.2223881920891732,0.08951586392932677,D0930,21,UPI,7,0.9157054228777779
23,3039.17,Pune,C0931,4,Shopping|Electronics|Fuel,88055,0.11964440507560992,0.638852796295496,0.40457293916800086,CARD|UPI|NET_BANKING,SCN-002026-0931,KYC_IDENTITY,0.21779257550324232,0.14635845720755705,D0931,21,CARD,8,0.9814222787904762
43,2633.26,Delhi,C0932,3,Fuel|Shopping|Travel,112756,0.05267563080398974,0.8959837591945605,0.5262965128832258,UPI|CARD|NET_BANKING,SCN-002026-0932,LONGITUDINAL_BEHAVIOR,0.15887602832332567,0.13385199402660383,D0932,21,UPI,10,1.1827536346078265
57,4143.05,Mumbai,C0933,3,Travel|Fuel,120179,0.09733035902547565,0.49535613328290745,0.5225386704067361,NET_BANKING|UPI|CARD,SCN-002026-0933,LONGITUDINAL_BEHAVIOR,0.2543679241227983,0.18942538525393204,D0933,21,NET_BANKING,8,1.1834196310320366
55,3013.34,Mumbai,C0934,2,Travel|Fuel|Electronics,96477,0.09450148833100741,0.8824165219256722,0.23059206811731792,CARD|UPI|NET_BANKING,SCN-002026-0934,LONGITUDINAL_BEHAVIOR,0.3388380178062346,0.1192064339098499,D0934,21,CARD,9,0.7400568178963179
62,3129.53,Bangalore,C0935,3,Fuel|Shopping,140661,0.11203195721583085,0.7839070354950175,0.22737102612212753,UPI|CARD|NET_BANKING,SCN-002026-0935,CLASSIFIER_EVALUATION,0.27738307534557755,0.1473247851267706,D0935,20,UPI,8,1.208020309078434
23,2102.45,Hyderabad,C0936,1,Travel|Entertainment|Food,82077,0.10288482409978782,0.4890135838413347,0.6477673663239962,UPI|CARD|NET_BANKING,SCN-002026-0936,TRANSACTION_ANOMALY,0.20246790392282324,0.187251408120131,D0936,22,UPI,9,1.2983855728645954
30,2159.81,Bangalore,C0937,3,Travel|Shopping,95155,0.08050643786300635,0.8526083757587786,0.3409019634367554,NET_BANKING|UPI|CARD,SCN-002026-0937,KYC_IDENTITY,0.196558475447046,0.2168170127773964,D0937,20,NET_BANKING,9,0.8434666641316828
20,1791.34,Mumbai,C0938,1,Travel|Shopping,63664,0.0730043772288455,0.8561494391542475,0.7362237143048176,CARD|UPI|NET_BANKING,SCN-002026-0938,CLASSIFIER_EVALUATION,0.17595426334947636,0.24911199372398088,D0938,23,CARD,10,1.3632873257680442
19,1957.13,Mumbai,C0939,1,Entertainment|Shopping,77727,0.020930290491706045,0.46708101862978624,0.5450560999347089,CARD|UPI|NET_BANKING,SCN-002026-0939,COMMUNICATION_SCAM,0.16282530940026496,0.0845822312899884,D0939,22,CARD,9,1.0225090847731741
58,3096.39,Hyderabad,C0940,6,Entertainment|Fuel,113788,0.10555052170948843,0.8228791207173201,0.74164814331131,CARD|UPI|NET_BANKING,SCN-002026-0940,KYC_IDENTITY,0.3146124671070236,0.05366095585865073,D0940,20,CARD,8,1.1929156751527266
36,2107.64,Hyderabad,C0941,1,Fuel|Electronics,72538,0.09136200986037236,0.6772675775106348,0.49423550929918686,CARD|UPI|NET_BANKING,SCN-002026-0941,KYC_IDENTITY,0.31364155683601774,0.031690420898918034,D0941,23,CARD,10,1.153653421981185
59,2976.07,Hyderabad,C0942,1,Electronics|Food,116437,0.10042538264265995,0.6796387766606071,0.563203115301684,NET_BANKING|UPI|CARD,SCN-002026-0942,TRANSACTION_ANOMALY,0.34945881785284005,0.17686158952881015,D0942,20,NET_BANKING,8,1.1302277718301372
38,2965.25,Delhi,C0943,4,Electronics|Fuel,95711,0.11000808832024352,0.6725633734974243,0.2300176062496615,UPI|CARD|NET_BANKING,SCN-002026-0943,COMMUNICATION_SCAM,0.14992022265211413,0.24379472800897325,D0943,21,UPI,7,1.3526030667255893
20,1767.58,Delhi,C0944,2,Electronics|Fuel,60535,0.10369388715931957,0.5965987906968048,0.43474503291759137,CARD|UPI|NET_BANKING,SCN-002026-0944,LONGITUDINAL_BEHAVIOR,0.341713205065637,0.19017655508787557,D0944,20,CARD,10,1.4906616019268801
48,2436.08,Bangalore,C0945,5,Food|Entertainment,100851,0.10136693610106827,0.6983847230404361,0.7517126830109737,UPI|CARD|NET_BANKING,SCN-002026-0945,TRANSACTION_ANOMALY,0.29840304919128746,0.0627439728085236,D0945,21,UPI,10,1.3248053657053929
23,1493.91,Bangalore,C0946,1,Electronics|Travel,51545,0.03828135873018004,0.48449742586644073,0.5981628651249438,NET_BANKING|UPI|CARD,SCN-002026-0946,LONGITUDINAL_BEHAVIOR,0.12987441961997845,0.13538437725431315,D0946,23,NET_BANKING,6,1.254060861395303
54,2896.25,Pune,C0947,5,Food|Entertainment,123996,0.05020220095010717,0.839938377154777,0.3890154281188252,UPI|CARD|NET_BANKING,SCN-002026-0947,KYC_IDENTITY,0.17157113494708348,0.22516794265858514,D0947,21,UPI,9,1.3168541550513089
25,1725.49,Pune,C0948,1,Travel|Fuel,58709,0.03449610429978731,0.8011414202408714,0.6490817361904027,UPI|CARD|NET_BANKING,SCN-002026-0948,LONGITUDINAL_BEHAVIOR,0.1998876172498354,0.05923133258777519,D0948,23,UPI,7,0.9354485578686103
27,2440.52,Bangalore,C0949,3,Shopping|Food|Travel,72060,0.08988183414408557,0.7557655168407003,0.6812141989418649,CARD|UPI|NET_BANKING,SCN-002026-0949,COMMUNICATION_SCAM,0.16217180419749544,0.06897975265441571,D0949,23,CARD,9,0.7911827274914502
50,2832.34,Mumbai,C0950,1,Shopping|Fuel,103577,0.06047577623003382,0.8695634303970222,0.4940685875076793,CARD|UPI|NET_BANKING,SCN-002026-0950,CLASSIFIER_EVALUATION,0.1629685651421791,0.08975709651056693,D0950,21,CARD,7,1.072420947155702
45,2553.77,Bangalore,C0951,1,Food|Entertainment|Electronics,84511,0.06689373252862524,0.6170555417224883,0.6029659401513279,UPI|CARD|NET_BANKING,SCN-002026-0951,COMMUNICATION_SCAM,0.14766587236674503,0.15347079320751314,D0951,20,UPI,9,1.3470801450023238
42,2492.33,Pune,C0952,3,Travel|Fuel,101452,0.06353899759516925,0.7145551613173717,0.5940428285448891,CARD|UPI|NET_BANKING,SCN-002026-0952,CLASSIFIER_EVALUATION,0.26645568279622756,0.1885618044690507,D0952,22,CARD,6,1.3492887292519211
45,2136.1,Bangalore,C0953,2,Fuel|Travel,89383,0.1121207761327871,0.5103629236359452,0.5217230040077234,UPI|CARD|NET_BANKING,SCN-002026-0953,COMMUNICATION_SCAM,0.27274273749928557,0.08150747834600097,D0953,21,UPI,6,1.0704166479778747
38,2507.42,Delhi,C0954,2,Electronics|Food,91336,0.04787886749182729,0.7399296705584921,0.3007235864575135,NET_BANKING|UPI|CARD,SCN-002026-0954,COMMUNICATION_SCAM,0.28290898994117,0.04603193672589942,D0954,21,NET_BANKING,8,1.2111633380140692
54,2980.5,Hyderabad,C0955,2,Food|Electronics,107729,0.11694612804529567,0.6519532725328803,0.4010204281502099,UPI|CARD|NET_BANKING,SCN-002026-0955,KYC_IDENTITY,0.2855461578913346,0.055219320598139554,D0955,22,UPI,10,0.9279102109858988
55,2939.14,Mumbai,C0956,2,Entertainment|Travel,96111,0.030650250921620416,0.8421450553305013,0.45009720655909297,CARD|UPI|NET_BANKING,SCN-002026-0956,COMMUNICATION_SCAM,0.30080601334980783,0.23559200736135924,D0956,23,CARD,9,1.1946608836336827
62,4639.1,Hyderabad,C0957,2,Electronics|Travel,143755,0.06209017396222298,0.7608975553499638,0.7352681531917176,NET_BANKING|UPI|CARD,SCN-002026-0957,COMMUNICATION_SCAM,0.13018310025449753,0.03530967705241667,D0957,22,NET_BANKING,8,1.1008839822418315
53,3982.1,Pune,C0958,1,Shopping|Fuel|Travel,117794,0.023609007009337272,0.6594692960119269,0.3935416288304764,UPI|CARD|NET_BANKING,SCN-002026-0958,LONGITUDINAL_BEHAVIOR,0.34525071828639586,0.04478416570221369,D0958,22,UPI,9,1.0727815869835724
38,3522.4,Mumbai,C0959,4,Electronics|Food,112830,0.045963760244808465,0.5589865743557816,0.6688468459774468,UPI|CARD|NET_BANKING,SCN-002026-0959,CLASSIFIER_EVALUATION,0.31937943634218424,0.05261925075711488,D0959,22,UPI,8,1.1572111888121215
23,2120.25,Mumbai,C0960,2,Electronics|Food|Shopping,73274,0.09350075508403828,0.633001228285987,0.39981470314374845,NET_BANKING|UPI|CARD,SCN-002026-0960,LONGITUDINAL_BEHAVIOR,0.3000187999142877,0.20797912255489967,D0960,22,NET_BANKING,9,1.2573470471527353
64,4364.51,Delhi,C0961,5,Food|Travel,161739,0.06486933721274499,0.8537026692110904,0.4057670042806586,CARD|UPI|NET_BANKING,SCN-002026-0961,CLASSIFIER_EVALUATION,0.20580558612259406,0.033475109318922544,D0961,21,CARD,6,1.3809684133792097
36,2468.21,Delhi,C0962,2,Entertainment|Food,75080,0.0707913412481447,0.8655599323669433,0.4397211976430734,CARD|UPI|NET_BANKING,SCN-002026-0962,CLASSIFIER_EVALUATION,0.33344448910011676,0.17530932903801028,D0962,22,CARD,7,0.877775305265288
40,2642.73,Pune,C0963,2,Entertainment|Fuel,102291,0.07360845793042647,0.6076038233939869,0.7411772000674322,NET_BANKING|UPI|CARD,SCN-002026-0963,TRANSACTION_ANOMALY,0.2592897080470413,0.23078470697386103,D0963,23,NET_BANKING,10,0.7284812723786465
44,3001.68,Pune,C0964,1,Fuel|Food|Electronics,112060,0.02785208660880864,0.53035157019035,0.40192262783444566,UPI|CARD|NET_BANKING,SCN-002026-0964,KYC_IDENTITY,0.2890336336209708,0.05872246116139919,D0964,23,UPI,6,1.1172497758463757
70,4574.02,Bangalore,C0965,4,Food|Entertainment,153988,0.115253424446525,0.8874197718167534,0.7981794896955865,UPI|CARD|NET_BANKING,SCN-002026-0965,TRANSACTION_ANOMALY,0.156632344131708,0.18443586319918387,D0965,22,UPI,9,0.846130019001063
41,2962.09,Mumbai,C0966,4,Electronics|Shopping|Fuel,100416,0.11997935893851304,0.8526736775851024,0.5439210741605658,UPI|CARD|NET_BANKING,SCN-002026-0966,CLASSIFIER_EVALUATION,0.19991760622488935,0.19330741231358398,D0966,21,UPI,7,1.1990363886269275
21,989.14,Delhi,C0967,1,Electronics|Shopping,33559,0.08097614435555238,0.507500380118096,0.7700059302374145,UPI|CARD|NET_BANKING,SCN-002026-0967,COMMUNICATION_SCAM,0.2469368254436792,0.19806622098912416,D0967,22,UPI,6,1.1175201008826348
48,2544.67,Bangalore,C0968,1,Food|Entertainment,100552,0.040697756746700724,0.467564830026116,0.21976619638424089,NET_BANKING|UPI|CARD,SCN-002026-0968,TRANSACTION_ANOMALY,0.34179348360081907,0.16274090845421169,D0968,22,NET_BANKING,9,1.3334665282132263
31,1727.79,Delhi,C0969,1,Electronics|Shopping,50501,0.06563152927281021,0.7223230484277148,0.6336771690459988,UPI|CARD|NET_BANKING,SCN-002026-0969,TRANSACTION_ANOMALY,0.30330243567987425,0.13656603450185462,D0969,20,UPI,6,0.9599859769249781
36,2417.07,Bangalore,C0970,2,Food|Travel|Fuel,89927,0.04757789389415893,0.649315566019902,0.25812943851311376,CARD|UPI|NET_BANKING,SCN-002026-0970,LONGITUDINAL_BEHAVIOR,0.15584065302175032,0.07219046100055182,D0970,20,CARD,8,0.8827081725155123
38,2499.4,Mumbai,C0971,4,Fuel|Food,88390,0.026577955274441293,0.6149576859668808,0.5333037226787697,CARD|UPI|NET_BANKING,SCN-002026-0971,TRANSACTION_ANOMALY,0.19849817213226087,0.20410679047505326,D0971,21,CARD,8,1.3697177270928966
63,3649.93,Hyderabad,C0972,1,Fuel|Travel|Shopping,114132,0.06934273062697645,0.6074579093878557,0.24818906878113695,NET_BANKING|UPI|CARD,SCN-002026-0972,COMMUNICATION_SCAM,0.30320819055611925,0.1569077505181069,D0972,23,NET_BANKING,10,1.3537365237042056
58,3633.19,Delhi,C0973,4,Shopping|Electronics,120902,0.0381541466515936,0.8331790535102391,0.49475880993303417,NET_BANKING|UPI|CARD,SCN-002026-0973,KYC_IDENTITY,0.1840255415659517,0.09565946318583508,D0973,20,NET_BANKING,6,1.4081209941102775
19,1811.6,Hyderabad,C0974,4,Electronics|Fuel,75175,0.06527560736650627,0.8499093420084352,0.26554732618487714,UPI|CARD|NET_BANKING,SCN-002026-0974,LONGITUDINAL_BEHAVIOR,0.24540996878448565,0.16382365628357934,D0974,21,UPI,6,1.3128010083513837
58,3393.66,Mumbai,C0975,3,Fuel|Electronics,135322,0.07144398613296907,0.5559258139067286,0.21020200143605738,CARD|UPI|NET_BANKING,SCN-002026-0975,LONGITUDINAL_BEHAVIOR,0.21933664662377628,0.24599608325574912,D0975,23,CARD,6,1.0777482231957038
65,3459.33,Bangalore,C0976,5,Travel|Food|Electronics,134093,0.02527159539535309,0.6892533101766418,0.24913437577317493,NET_BANKING|UPI|CARD,SCN-002026-0976,LONGITUDINAL_BEHAVIOR,0.2618804030586288,0.06252828437154645,D0976,22,NET_BANKING,7,1.2718751788987064
33,2107.55,Hyderabad,C0977,2,Fuel|Electronics|Food,73357,0.026871357226534557,0.8730007536065915,0.7793589001631809,UPI|CARD|NET_BANKING,SCN-002026-0977,KYC_IDENTITY,0.2002925738699971,0.14114068619646694,D0977,22,UPI,8,1.232884340444246
20,1784.71,Mumbai,C0978,1,Fuel|Shopping,61692,0.10345645902802375,0.610983461988751,0.2913535617774946,UPI|CARD|NET_BANKING,SCN-002026-0978,LONGITUDINAL_BEHAVIOR,0.2661670562694376,0.13834212863194106,D0978,22,UPI,10,0.8958809214560034
23,1353.83,Mumbai,C0979,2,Fuel|Entertainment|Electronics,52927,0.02664628634938257,0.8165974546044592,0.3417698211444474,CARD|UPI|NET_BANKING,SCN-002026-0979,LONGITUDINAL_BEHAVIOR,0.22206099892145684,0.14687606536683856,D0979,21,CARD,10,1.4718126363986437
44,3073.77,Pune,C0980,4,Electronics|Food,94637,0.07010585636199497,0.8728733202437764,0.42751567769590254,NET_BANKING|UPI|CARD,SCN-002026-0980,LONGITUDINAL_BEHAVIOR,0.14582647210644092,0.11578495905234933,D0980,21,NET_BANKING,6,1.1689747230873189
60,3688.99,Delhi,C0981,3,Food|Entertainment,141608,0.02490288024631318,0.5788419136891987,0.28899420781225466,NET_BANKING|UPI|CARD,SCN-002026-0981,CLASSIFIER_EVALUATION,0.33840325716792086,0.18277117799453943,D0981,21,NET_BANKING,6,1.3310082341297305
62,3907.87,Bangalore,C0982,3,Fuel|Entertainment,122956,0.04989967321908774,0.5819836845018028,0.4016428352935985,UPI|CARD|NET_BANKING,SCN-002026-0982,KYC_IDENTITY,0.2522860977983879,0.2296754128021015,D0982,20,UPI,9,1.044928886185292
53,3067.65,Hyderabad,C0983,3,Food|Entertainment,115422,0.05913633823222937,0.8992368180036638,0.6671495708872057,CARD|UPI|NET_BANKING,SCN-002026-0983,KYC_IDENTITY,0.3143924062928353,0.1013265969951764,D0983,21,CARD,7,1.0087178245917705
34,2097.08,Pune,C0984,2,Entertainment|Food,75444,0.055132110016436656,0.50920383142469,0.7875059123787331,NET_BANKING|UPI|CARD,SCN-002026-0984,CLASSIFIER_EVALUATION,0.21870979849794975,0.08438900570818317,D0984,22,NET_BANKING,7,1.223933667988202
25,1601.89,Pune,C0985,2,Travel|Entertainment,71675,0.07547939357778552,0.5664163413572163,0.7819005822802771,NET_BANKING|UPI|CARD,SCN-002026-0985,KYC_IDENTITY,0.23141484268113044,0.15394584818494964,D0985,21,NET_BANKING,8,1.4010747037279843
55,3066.52,Pune,C0986,1,Shopping|Fuel,107229,0.026217066952631457,0.737250189719115,0.4011523392446533,CARD|UPI|NET_BANKING,SCN-002026-0986,KYC_IDENTITY,0.16526278318561646,0.023123473827575097,D0986,22,CARD,10,0.809355955190817
28,1665.42,Pune,C0987,1,Food|Travel,65886,0.08365165071767632,0.6021049283728372,0.5021379562984771,CARD|UPI|NET_BANKING,SCN-002026-0987,LONGITUDINAL_BEHAVIOR,0.2104243039761331,0.04796946724477333,D0987,22,CARD,7,0.7003024324660183
28,1906.07,Pune,C0988,1,Food|Travel,84402,0.10079296666634469,0.725189305193129,0.5333439710676267,CARD|UPI|NET_BANKING,SCN-002026-0988,LONGITUDINAL_BEHAVIOR,0.2502666529781329,0.19372490460261743,D0988,20,CARD,6,0.8094335973747937
53,2854.99,Mumbai,C0989,3,Entertainment|Food|Travel,109296,0.0679609412646082,0.8351736014075655,0.7184543816706079,CARD|UPI|NET_BANKING,SCN-002026-0989,CLASSIFIER_EVALUATION,0.33788483733667496,0.12190076864502704,D0989,20,CARD,10,1.3989355457712986
21,1549.34,Delhi,C0990,1,Entertainment|Electronics,66001,0.1021121525463075,0.4987430298792279,0.3765069603926441,UPI|CARD|NET_BANKING,SCN-002026-0990,COMMUNICATION_SCAM,0.2260534897813717,0.10135015771690484,D0990,23,UPI,10,1.4654333353048759
55,2962.55,Hyderabad,C0991,3,Electronics|Fuel|Food,130537,0.02205810180549668,0.5869112064750912,0.7310104342223895,UPI|CARD|NET_BANKING,SCN-002026-0991,CLASSIFIER_EVALUATION,0.31466235508623885,0.242838042099093,D0991,23,UPI,8,1.0264805827754708
33,1644.4,Hyderabad,C0992,1,Travel|Food,71937,0.04997701583933446,0.7048306517992529,0.44986219768296154,CARD|UPI|NET_BANKING,SCN-002026-0992,TRANSACTION_ANOMALY,0.13741409881747027,0.0843826575895268,D0992,22,CARD,8,0.8869917032627055
19,1909.83,Hyderabad,C0993,1,Fuel|Entertainment,66728,0.04215453530298263,0.4592377127258318,0.6757488609172626,UPI|CARD|NET_BANKING,SCN-002026-0993,CLASSIFIER_EVALUATION,0.23582208011053818,0.13605688150861248,D0993,23,UPI,6,1.2965208979838976
34,2527.57,Bangalore,C0994,3,Electronics|Fuel,96099,0.024090795197375618,0.48982340122551915,0.6434154204798359,UPI|CARD|NET_BANKING,SCN-002026-0994,CLASSIFIER_EVALUATION,0.24802430183445215,0.12317541253866236,D0994,20,UPI,7,1.1336266430050541
36,2576.34,Hyderabad,C0995,3,Entertainment|Fuel,87660,0.022123391002039697,0.8086466169798837,0.7625741566172914,CARD|UPI|NET_BANKING,SCN-002026-0995,LONGITUDINAL_BEHAVIOR,0.2969591030599616,0.2206561394303705,D0995,20,CARD,10,1.3592404520782633
59,2742.57,Mumbai,C0996,2,Entertainment|Electronics|Shopping,106062,0.07379561147825606,0.4608003807223897,0.6397010067506658,NET_BANKING|UPI|CARD,SCN-002026-0996,KYC_IDENTITY,0.18449707081119732,0.1650046456235856,D0996,21,NET_BANKING,9,1.355743740661274
19,1796.79,Pune,C0997,1,Electronics|Travel,51382,0.1080916082494375,0.5408066666963457,0.24474432089668055,UPI|CARD|NET_BANKING,SCN-002026-0997,CLASSIFIER_EVALUATION,0.2285848515427188,0.12262510872135711,D0997,22,UPI,7,0.8368703873575019
53,3532.3,Pune,C0998,1,Electronics|Food,104841,0.08520342141919283,0.6557628345850692,0.46694854705097727,UPI|CARD|NET_BANKING,SCN-002026-0998,KYC_IDENTITY,0.1291583084151823,0.0370453261958106,D0998,20,UPI,10,1.0658046096096134
68,3015.69,Delhi,C0999,4,Entertainment|Shopping,118735,0.03614960528154431,0.7104120130742787,0.7782715282734818,UPI|CARD|NET_BANKING,SCN-002026-0999,COMMUNICATION_SCAM,0.32948993280133126,0.19605145037327065,D0999,23,UPI,7,1.1517668613553886
69,3374.93,Mumbai,C1000,2,Electronics|Shopping,128357,0.056212759846685764,0.7937760858435051,0.724008935328027,CARD|UPI|NET_BANKING,SCN-002026-1000,TRANSACTION_ANOMALY,0.24793444169660267,0.05620113017663207,D1000,22,CARD,7,0.9664673795441806
